Cycle_Index,Time,Current_Demand,Voltage,Temperature
1,0,-2.0,4.144746436222454,24.03489897848877
1,10,-2.0,4.1423864051624655,23.970031873903604
1,20,-2.0,4.149140231029282,23.92689339100575
1,30,-2.0,4.141104693927344,23.95694550458361
1,40,-2.0,4.132683190131974,24.027023789447124
1,50,-2.0,4.142037669031145,24.060453156657907
1,60,-2.0,4.145259529410555,24.06511113317211
1,70,-2.0,4.142584847648984,24.010360941273746
1,80,-2.0,4.146494104961338,24.042158104801388
1,90,-2.0,4.141302813289645,23.979254451886263
1,100,-2.0,4.136080235072142,24.09385096066283
1,110,-2.0,4.137338138692032,24.152182311442246
1,120,-2.0,4.140087468131608,24.10102432408827
1,130,-2.0,4.135667071834202,24.091901355902472
1,140,-2.0,4.141630589517293,24.0742436341422
1,150,-2.0,4.135848995971103,24.077473490984982
1,160,-2.0,4.138875648284554,24.117561641121128
1,170,-2.0,4.13660170893388,24.13542972231354
1,180,-2.0,4.137688281670542,24.176977627225742
1,190,-2.0,4.14626336280055,24.061186198172443
1,200,-2.0,4.132233785266509,24.14118364548187
1,210,-2.0,4.138329289827453,24.216254359707275
1,220,-2.0,4.130832277021752,24.248007075874707
1,230,-2.0,4.13293405420217,24.153927636665276
1,240,-2.0,4.13417517683127,24.182377832487752
1,250,-2.0,4.134254928434816,24.290269431492323
1,260,-2.0,4.1337459394930045,24.225280285240526
1,270,-2.0,4.133225475764351,24.19219580295061
1,280,-2.0,4.134528903543521,24.22509285710745
1,290,-2.0,4.132794304094454,24.29707269153328
1,300,-2.0,4.13419390174175,24.266452962202308
1,310,-2.0,4.132551509050706,24.37636638602146
1,320,-2.0,4.137905983290829,24.382572481186184
1,330,-2.0,4.130011160146444,24.27011796049417
1,340,-2.0,4.131625185279226,24.353819098270385
1,350,-2.0,4.134271870713056,24.347215634642115
1,360,-2.0,4.137299768543376,24.39923519353364
1,370,-2.0,4.137150641036151,24.453470127892206
1,380,-2.0,4.128851386994367,24.46683759019889
1,390,-2.0,4.136750796584193,24.439617413864134
1,400,-2.0,4.123448430597122,24.492391619354816
1,410,-2.0,4.124420147464719,24.484791027298733
1,420,-2.0,4.130720527648915,24.576075902474763
1,430,-2.0,4.132347742760541,24.530344760401064
1,440,-2.0,4.1254374099925215,24.511776548538162
1,450,-2.0,4.132350013188556,24.505142123399235
1,460,-2.0,4.133047708547547,24.60743834221243
1,470,-2.0,4.128297810985044,24.59363787135517
1,480,-2.0,4.1275297225688155,24.64284983835284
1,490,-2.0,4.121985320335013,24.567165080772607
1,500,-2.0,4.131438670218823,24.632368683981213
1,510,-2.0,4.126522802704856,24.686827072758593
1,520,-2.0,4.126793486090386,24.77044396904562
1,530,-2.0,4.129241856271967,24.750549731570057
1,540,-2.0,4.12637053498795,24.671584184850655
1,550,-2.0,4.125634594279048,24.759013924016084
1,560,-2.0,4.1179207817768955,24.823509867212742
1,570,-2.0,4.123348748521097,24.842421072153197
1,580,-2.0,4.122981244441685,24.777631847089026
1,590,-2.0,4.122266744074502,24.758112030664154
1,600,-2.0,4.120940750814961,24.7879731243711
1,610,-2.0,4.106833483028847,24.82625713025048
1,620,-2.0,4.122561952383425,24.978230341665455
1,630,-2.0,4.111237797152929,24.878683347642124
1,640,-2.0,4.118768046358088,24.930832339285537
1,650,-2.0,4.122568096108403,24.90378793685201
1,660,-2.0,4.118224877215915,24.898113390671625
1,670,-2.0,4.122130769662079,25.050480995540397
1,680,-2.0,4.120320086961575,25.0200746013543
1,690,-2.0,4.114905545181181,25.090828341527352
1,700,-2.0,4.110991270624277,25.145977698181863
1,710,-2.0,4.10419823832203,25.066713908895718
1,720,-2.0,4.112354081807938,25.03253476454659
1,730,-2.0,4.112241036853696,25.179814909815306
1,740,-2.0,4.110661634800506,25.12669699205494
1,750,-2.0,4.112107890771934,25.18617982737636
1,760,-2.0,4.110942073016979,25.217055552481394
1,770,-2.0,4.116425093422334,25.188471168833935
1,780,-2.0,4.110988323049651,25.32251627166719
1,790,-2.0,4.102249011531279,25.313024427573193
1,800,-2.0,4.105449629912549,25.209698964194413
1,810,-2.0,4.10169931436194,25.30536397236297
1,820,-2.0,4.107321399722143,25.338812867641067
1,830,-2.0,4.106592795024351,25.33153958273312
1,840,-2.0,4.101581377553065,25.405558401182272
1,850,-2.0,4.092173369353681,25.43778795008756
1,860,-2.0,4.096945413161625,25.47752969395235
1,870,-2.0,4.105420757906166,25.540687647259634
1,880,-2.0,4.096115614021172,25.51297995333881
1,890,-2.0,4.101549320251933,25.602545826546145
1,900,-2.0,4.101023852300169,25.521326637925437
1,910,-2.0,4.095216385347954,25.50784097015836
1,920,-2.0,4.093353322279285,25.6187879190114
1,930,-2.0,4.09554032923302,25.64769225324249
1,940,-2.0,4.0901088220439785,25.721241763925594
1,950,-2.0,4.093118328837777,25.692784824130673
1,960,-2.0,4.095035096015638,25.647659723098837
1,970,-2.0,4.096322632551136,25.721568724616716
1,980,-2.0,4.095521314646903,25.694228325435525
1,990,-2.0,4.088951384249939,25.839794199969003
1,1000,-2.0,4.086402829183472,25.8284345555332
1,1010,-2.0,4.092115723144024,25.74143776263833
1,1020,-2.0,4.085181068967051,25.888114923645844
1,1030,-2.0,4.084656513319874,25.951505833042127
1,1040,-2.0,4.092120397867045,25.8879912877226
1,1050,-2.0,4.081064318256973,25.904149608173125
1,1060,-2.0,4.085330558030759,26.04125909553006
1,1070,-2.0,4.0874124599884425,26.052925379001522
1,1080,-2.0,4.082562424444022,25.988286697596873
1,1090,-2.0,4.078683195620833,26.052661170755357
1,1100,-2.0,4.07566038065609,26.140447805707883
1,1110,-2.0,4.073545104212033,26.080022274663293
1,1120,-2.0,4.075928991731713,26.163065006480966
1,1130,-2.0,4.0816615998438825,26.199218181587735
1,1140,-2.0,4.074790993050682,26.075169210175414
1,1150,-2.0,4.074854771515201,26.30570021575674
1,1160,-2.0,4.069778492831769,26.256920863425577
1,1170,-2.0,4.067375133464753,26.290881073598594
1,1180,-2.0,4.065113590938179,26.351078348106903
1,1190,-2.0,4.064286250627125,26.279675107930935
1,1200,-2.0,4.069152947454742,26.482075414685276
1,1210,-2.0,4.070202214011911,26.44609739784028
1,1220,-2.0,4.056533277501365,26.500006870964206
1,1230,-2.0,4.0619775317399744,26.51709705497268
1,1240,-2.0,4.063970266977729,26.466998269293292
1,1250,-2.0,4.060347977205018,26.473646235527447
1,1260,-2.0,4.062836079201232,26.638185554974427
1,1270,-2.0,4.067579346095604,26.610607899026906
1,1280,-2.0,4.056723478028611,26.53949424932562
1,1290,-2.0,4.056243083862051,26.664557803051277
1,1300,-2.0,4.057909408953511,26.679759954543126
1,1310,-2.0,4.0542143238145005,26.718918851270416
1,1320,-2.0,4.051945605830562,26.746890880619617
1,1330,-2.0,4.049022909910993,26.750200092560963
1,1340,-2.0,4.045049513310758,26.854404267456204
1,1350,-2.0,4.053282219892359,26.86082832598981
1,1360,-2.0,4.038778994935558,26.805830976265582
1,1370,-2.0,4.042810289304731,26.918554076811837
1,1380,-2.0,4.039081879425213,26.95866419715894
1,1390,-2.0,4.049266369242528,26.926063732032155
1,1400,-2.0,4.044589288781841,27.018083597581136
1,1410,-2.0,4.036346868578028,27.063548369076695
1,1420,-2.0,4.038623685377618,27.005821208746738
1,1430,-2.0,4.034023001273141,27.06525430805691
1,1440,-2.0,4.030202885059068,27.154225639554724
1,1450,-2.0,4.034593115862258,27.211974110891273
1,1460,-2.0,4.0358184853325385,27.08384135178812
1,1470,-2.0,4.035212081123252,27.24318630822009
1,1480,-2.0,4.03347126560084,27.266516737181835
1,1490,-2.0,4.020365427677369,27.271139533667952
1,1500,-2.0,4.028993289842786,27.23126601110934
1,1510,-2.0,4.0256387963655555,27.36266200813692
1,1520,-2.0,4.024275957251495,27.418017456508544
1,1530,-2.0,4.031479930788079,27.38114625560696
1,1540,-2.0,4.017028195023457,27.47245496702268
1,1550,-2.0,4.021213324338925,27.466836980226493
1,1560,-2.0,4.016777820110231,27.48442493360141
1,1570,-2.0,4.016425786895945,27.671364568068057
1,1580,-2.0,4.01778679208124,27.60045903917448
1,1590,-2.0,4.009204251446283,27.770500239177053
1,1600,-2.0,4.0120102848849974,27.569438794402057
1,1610,-2.0,4.011893184241537,27.73853669714068
1,1620,-2.0,4.001594725734422,27.72752971448313
1,1630,-2.0,4.008590344128955,27.78756629626905
1,1640,-2.0,3.999989328251743,27.81114977512661
1,1650,-2.0,4.001182634879442,27.903653286931213
1,1660,-2.0,3.9973972484672147,27.772684337270903
1,1670,-2.0,4.001556201540406,27.86979521153895
1,1680,-2.0,3.9951948479863164,27.961378122975397
1,1690,-2.0,3.9882186732580127,27.978877510441198
1,1700,-2.0,3.9981056533619586,28.082717442183043
1,1710,-2.0,3.9908257271539336,28.037568610571228
1,1720,-2.0,3.9960603508681896,28.050337365453547
1,1730,-2.0,3.9902619467881,28.120148179277262
1,1740,-2.0,3.983912102805201,28.217078350866064
1,1750,-2.0,3.985855489828572,28.132315776792414
1,1760,-2.0,3.994784163197283,28.296606430719148
1,1770,-2.0,3.9814285889282743,28.213549044773924
1,1780,-2.0,3.985957642872857,28.282252630911017
1,1790,-2.0,3.9724147292504637,28.304748079185597
1,1800,-2.0,3.973014837016434,28.363687027211025
1,1810,-2.0,3.9710576716820354,28.4886308803482
1,1820,-2.0,3.968335646027065,28.41866702037144
1,1830,-2.0,3.972993528785336,28.504829300960935
1,1840,-2.0,3.9696776639421096,28.505015820628312
1,1850,-2.0,3.9658902607621487,28.541551613385856
1,1860,-2.0,3.966975370560724,28.61494929135171
1,1870,-2.0,3.956662206514871,28.60258797658161
1,1880,-2.0,3.9608767772115185,28.72123987022397
1,1890,-2.0,3.9624406508235492,28.676512794575878
1,1900,-2.0,3.9558814899356434,28.765629369310453
1,1910,-2.0,3.950138707769226,28.787528056455756
1,1920,-2.0,3.9555704880248603,28.80201110094057
1,1930,-2.0,3.947592176213376,28.841647873786577
1,1940,-2.0,3.9474179711319817,28.90063760551645
1,1950,-2.0,3.9497042422962902,29.006742425102566
1,1960,-2.0,3.946057597797657,29.039446033219786
1,1970,-2.0,3.935631096410703,29.014729849250966
1,1980,-2.0,3.940065537714608,28.967866889656733
1,1990,-2.0,3.942556229107958,29.174814953666733
1,2000,-2.0,3.9324013048802606,29.149624424874396
1,2010,-2.0,3.9295028376814813,29.156907660612877
1,2020,-2.0,3.9246013202702166,29.230989533398073
1,2030,-2.0,3.923535483691953,29.1903102846083
1,2040,-2.0,3.9259844002025663,29.182175114365293
1,2050,-2.0,3.9268074344178046,29.336491165420274
1,2060,-2.0,3.920240883044676,29.390056574105586
1,2070,-2.0,3.9170084500196816,29.350498948781986
1,2080,-2.0,3.915394703443932,29.496026884109927
1,2090,-2.0,3.9065897983459656,29.412033111866783
1,2100,-2.0,3.9151022130121373,29.579186639411294
1,2110,-2.0,3.9060566421869667,29.48405104083183
1,2120,-2.0,3.9032633100221577,29.559062852147626
1,2130,-2.0,3.901994326049778,29.64693369273052
1,2140,-2.0,3.9012409106946384,29.60763139443741
1,2150,-2.0,3.895014053674634,29.658445827100806
1,2160,-2.0,3.8882511612346806,29.841929499532096
1,2170,-2.0,3.8904165573197727,29.833418239961862
1,2180,-2.0,3.8816104894488834,29.786734257030844
1,2190,-2.0,3.882868600178125,29.79703400994448
1,2200,-2.0,3.880936100241439,29.99099149974072
1,2210,-2.0,3.882164959824516,29.958016068952876
1,2220,-2.0,3.8742603864359757,30.06122002844655
1,2230,-2.0,3.880911516145407,29.93609094662403
1,2240,-2.0,3.8755576255315836,30.119501808646525
1,2250,-2.0,3.873936210140394,30.075325466789394
1,2260,-2.0,3.8662904929500637,30.141241468587545
1,2270,-2.0,3.8614564179596647,30.172141406005544
1,2280,-2.0,3.8604162681149856,30.251996809127785
1,2290,-2.0,3.8621363866870344,30.168571497874304
1,2300,-2.0,3.853846050840109,30.265760939967674
1,2310,-2.0,3.8536185574652295,30.37736116840747
1,2320,-2.0,3.8576128336306597,30.433596292275023
1,2330,-2.0,3.8545572074406214,30.428117567231
1,2340,-2.0,3.847985950380493,30.54974282791705
1,2350,-2.0,3.839617553217745,30.61540728992185
1,2360,-2.0,3.8374942428676744,30.541534467765583
1,2370,-2.0,3.8309139836770676,30.645947601554365
1,2380,-2.0,3.8271226602350663,30.669485068751044
1,2390,-2.0,3.820911317081018,30.69445375043333
1,2400,-2.0,3.8174807472384527,30.705283210868796
1,2410,-2.0,3.8262670342940828,30.901485318108794
1,2420,-2.0,3.8187711725510325,30.873388196455497
1,2430,-2.0,3.8160945381859093,30.86436134694066
1,2440,-2.0,3.813494303668143,30.92517676062958
1,2450,-2.0,3.811244400837046,30.93227077628079
1,2460,-2.0,3.80866406604926,30.98101757481567
1,2470,-2.0,3.801676275702715,30.988318086285037
1,2480,-2.0,3.801807447570687,31.01089119650749
1,2490,-2.0,3.793864604939166,31.095245163758364
1,2500,-2.0,3.7939803395368505,31.11757333035628
1,2510,-2.0,3.7927704027870996,31.206256950632323
1,2520,-2.0,3.785876804466385,31.24245474007527
1,2530,-2.0,3.781971130105777,31.24337080289723
1,2540,-2.0,3.775538089719011,31.29592327053107
1,2550,-2.0,3.7745756454084605,31.33804866795061
1,2560,-2.0,3.7746481139782655,31.318617973858718
1,2570,-2.0,3.7648053378078483,31.46793200537154
1,2580,-2.0,3.7679327174190056,31.550414751316538
1,2590,-2.0,3.7617859773836426,31.51433839144939
1,2600,-2.0,3.755154584315455,31.552697026489454
1,2610,-2.0,3.7547565523239284,31.651452314951243
1,2620,-2.0,3.750080882248698,31.710180235937216
1,2630,-2.0,3.745371184233682,31.720410109627398
1,2640,-2.0,3.7388778541601617,31.786318249272334
1,2650,-2.0,3.73549031737725,31.825682215636895
1,2660,-2.0,3.733474401507869,31.888448291193207
1,2670,-2.0,3.7320278324593605,31.85261142178377
1,2680,-2.0,3.72556947449287,31.961581825700073
1,2690,-2.0,3.7185850804760014,31.905091590801124
1,2700,-2.0,3.716647795987357,32.00000275636207
1,2710,-2.0,3.717563629974151,32.02215994208571
1,2720,-2.0,3.714686234153511,32.165674173394684
1,2730,-2.0,3.7100035450904314,32.15138823856503
1,2740,-2.0,3.700952026166903,32.11247395718389
1,2750,-2.0,3.7003524983537295,32.35920468489204
1,2760,-2.0,3.6938436080049493,32.24172345873188
1,2770,-2.0,3.6988994686288366,32.33524919689451
1,2780,-2.0,3.6913094629421637,32.36816542508138
1,2790,-2.0,3.675685516608056,32.46967099274874
1,2800,-2.0,3.6761411503767434,32.58879516139028
1,2810,-2.0,3.678092155845111,32.544228240968934
1,2820,-2.0,3.6735045240598843,32.68198201080564
1,2830,-2.0,3.6662471422916965,32.667774797261174
1,2840,-2.0,3.6623589080274623,32.703098467094385
1,2850,-2.0,3.656917616062298,32.78407177210665
1,2860,-2.0,3.653922199448706,32.727918696732715
1,2870,-2.0,3.6438530262974598,32.792702081467
1,2880,-2.0,3.648539706187556,32.88032585576068
1,2890,-2.0,3.6342253172316967,32.89035801101562
1,2900,-2.0,3.6326123255434206,32.93209997336357
1,2910,-2.0,3.6254640239111353,33.01114023131857
1,2920,-2.0,3.6254704822087747,33.02066532508004
1,2930,-2.0,3.619805420869904,33.18972232782594
1,2940,-2.0,3.6140626393709585,33.053746495200556
1,2950,-2.0,3.6111717104022065,33.23426036373603
1,2960,-2.0,3.6012438012466887,33.21782027190835
1,2970,-2.0,3.6053438897927768,33.340583083238776
1,2980,-2.0,3.5940382643070574,33.18430084098
1,2990,-2.0,3.5956415008112743,33.364423990721285
1,3000,-2.0,3.5836008106929125,33.38399313321453
1,3010,-2.0,3.5800158076602244,33.52399995135818
1,3020,-2.0,3.570466094998863,33.58370336696709
1,3030,-2.0,3.5697561018844475,33.60287949081654
1,3040,-2.0,3.5658455269692917,33.65526078215258
1,3050,-2.0,3.564602326202401,33.60232967014232
1,3060,-2.0,3.5604519861930846,33.65700982782292
1,3070,-2.0,3.5520588774986064,33.72816836602365
1,3080,-2.0,3.54051431650981,33.86215668885261
1,3090,-2.0,3.5378749945734835,33.75552205094031
1,3100,-2.0,3.532496147261502,33.86452895097401
1,3110,-2.0,3.531597538890762,33.957478615673814
1,3120,-2.0,3.5274584042700723,34.008298144373065
1,3130,-2.0,3.525409543641051,34.064009935222806
1,3140,-2.0,3.509995262905976,34.056108332529746
1,3150,-2.0,3.505652161309157,34.12085139919706
1,3160,-2.0,3.4987416892558825,34.13853304822805
1,3170,-2.0,3.4946587483099525,34.23038162786116
1,3180,-2.0,3.482252093967681,34.22896200388537
1,3190,-2.0,3.482831225948858,34.22157879475486
1,3200,-2.0,3.4794461337807254,34.36110730743087
1,3210,-2.0,3.469545005088944,34.41232400412659
1,3220,-2.0,3.4625309003249867,34.49784723520695
1,3230,-2.0,3.461770978420325,34.50293212471906
1,3240,-2.0,3.4607907035583985,34.48997351856852
1,3250,-2.0,3.4391940378952492,34.61791758819748
1,3260,-2.0,3.438515997164729,34.70957402794531
1,3270,-2.0,3.4315985406242757,34.73123493661562
1,3280,-2.0,3.42207797368214,34.7642891057497
1,3290,-2.0,3.417059836771958,34.756167121147534
1,3300,-2.0,3.4106057956039053,34.81205339622231
1,3310,-2.0,3.403684123585456,34.89521821877141
1,3320,-2.0,3.3999732503781366,34.96614460065465
1,3330,-2.0,3.3982245379350178,34.9690857944864
1,3340,-2.0,3.395710002814728,35.04258276148637
1,3350,-2.0,3.3845431539856565,34.98688493470745
1,3360,-2.0,3.375138880578668,35.211520958350285
1,3370,-2.0,3.362749769706713,35.24956424716538
1,3380,-2.0,3.361944895733407,35.30236931840863
1,3390,-2.0,3.350878166646767,35.27391596532932
1,3400,-2.0,3.3461511407157056,35.33754419818882
1,3410,-2.0,3.330394305257814,35.375964224857015
1,3420,-2.0,3.327448379450927,35.53947148009912
1,3430,-2.0,3.3274080503775427,35.519818162325436
1,3440,-2.0,3.323036370999404,35.46936481474459
1,3450,-2.0,3.305999427145466,35.609414047179946
1,3460,-2.0,3.2964741023901727,35.56140650471109
1,3470,-2.0,3.292092278292383,35.75180970150164
1,3480,-2.0,3.2841211602433464,35.75770201507207
1,3490,-2.0,3.277802360193571,35.83618798016184
1,3500,-2.0,3.2652127645686377,35.780287863464714
1,3510,-2.0,3.2583357797035477,35.86714459512853
1,3520,-2.0,3.2545210783231253,35.90289198536664
2,0,-2.0,4.142949261841657,24.047807078925374
2,10,-2.0,4.139693968915929,24.025817214053287
2,20,-2.0,4.139617292016033,24.008806962603444
2,30,-2.0,4.134939418897821,23.998693206403235
2,40,-2.0,4.1440595194339,24.029916306897256
2,50,-2.0,4.1351917503339415,23.9475101965623
2,60,-2.0,4.138368196789246,24.09404213855094
2,70,-2.0,4.141819114924832,24.025466608259595
2,80,-2.0,4.145203462341258,24.05503018630331
2,90,-2.0,4.144626921211596,24.07839248536898
2,100,-2.0,4.137854909739202,24.069002587340854
2,110,-2.0,4.141808602548423,24.052865306902806
2,120,-2.0,4.135365316041242,24.101850399097433
2,130,-2.0,4.137810613658633,24.074695621161986
2,140,-2.0,4.136493112652352,24.121992648387884
2,150,-2.0,4.131499264246077,24.128507866111214
2,160,-2.0,4.131985979288626,24.125896390022138
2,170,-2.0,4.138922282120734,24.22869795037321
2,180,-2.0,4.135167973068699,24.150613303899746
2,190,-2.0,4.134215420785106,24.189213040655936
2,200,-2.0,4.141242665702902,24.245956531240783
2,210,-2.0,4.135597215227058,24.1350678948661
2,220,-2.0,4.137969187629164,24.20030202992169
2,230,-2.0,4.139212012465376,24.169297701374187
2,240,-2.0,4.137845614318956,24.236681430856514
2,250,-2.0,4.135397302816772,24.208247920009423
2,260,-2.0,4.130831632289855,24.233458005628624
2,270,-2.0,4.133812488343924,24.259422135587844
2,280,-2.0,4.131025612091286,24.28387849540829
2,290,-2.0,4.13863428408085,24.309140876345463
2,300,-2.0,4.137494519498041,24.338022194396906
2,310,-2.0,4.134165355562858,24.405060465268825
2,320,-2.0,4.13307855422587,24.40195815561347
2,330,-2.0,4.135277625214309,24.34965779174891
2,340,-2.0,4.137364119746638,24.26386030001866
2,350,-2.0,4.132559260912321,24.31841337253322
2,360,-2.0,4.132344469071143,24.447158642113674
2,370,-2.0,4.1368166256237116,24.42318959094045
2,380,-2.0,4.1354861870418125,24.400277713164076
2,390,-2.0,4.136966511707034,24.412296490534686
2,400,-2.0,4.127343772934752,24.402659354429787
2,410,-2.0,4.129916607601017,24.45395164329277
2,420,-2.0,4.126261580878351,24.51794567292687
2,430,-2.0,4.131097940762365,24.596710450321343
2,440,-2.0,4.125597256706774,24.438005596887486
2,450,-2.0,4.128928310680274,24.55356167851218
2,460,-2.0,4.126282713805348,24.690376635594948
2,470,-2.0,4.129906854658247,24.586774054613027
2,480,-2.0,4.124570083371347,24.633020850203806
2,490,-2.0,4.126497731353664,24.645395944771597
2,500,-2.0,4.1262379354603125,24.67883365063671
2,510,-2.0,4.119886756271582,24.68560884724549
2,520,-2.0,4.120593528715246,24.666495902032523
2,530,-2.0,4.117070050247247,24.684598017364788
2,540,-2.0,4.123981801915671,24.660911314424432
2,550,-2.0,4.123908690278323,24.78249386997541
2,560,-2.0,4.1272817466671805,24.870474089793955
2,570,-2.0,4.117787457105229,24.820920944745318
2,580,-2.0,4.12104673544701,24.73767296845697
2,590,-2.0,4.118047991506998,24.870812666101855
2,600,-2.0,4.119491164977229,24.832722394615658
2,610,-2.0,4.1197120014959125,24.948969111966125
2,620,-2.0,4.1233527088716,24.971908930331534
2,630,-2.0,4.1218450517902365,24.983834629683294
2,640,-2.0,4.117559139806956,24.911927107641286
2,650,-2.0,4.125619585764336,25.106417560599564
2,660,-2.0,4.114223284592149,24.94050353714801
2,670,-2.0,4.113159091598848,25.026046855396643
2,680,-2.0,4.1089766766453675,25.05589175589073
2,690,-2.0,4.1221830717741605,25.048174130041858
2,700,-2.0,4.119019813928229,25.047935064541196
2,710,-2.0,4.111741281362137,25.087796651887377
2,720,-2.0,4.1103855463464924,25.129936337019622
2,730,-2.0,4.104517458581101,25.155228339218834
2,740,-2.0,4.111065033919109,25.17998767540277
2,750,-2.0,4.1073804125415325,25.18104699855804
2,760,-2.0,4.104067146429295,25.28549283315983
2,770,-2.0,4.103057227811897,25.189991415391127
2,780,-2.0,4.1048904086862965,25.23544282786988
2,790,-2.0,4.100970195661869,25.343020519546606
2,800,-2.0,4.106692088216465,25.323814393672585
2,810,-2.0,4.1056871201009395,25.499683258978305
2,820,-2.0,4.095881828315718,25.402798703462697
2,830,-2.0,4.103657998962723,25.486765134350314
2,840,-2.0,4.09317480348078,25.38092130625098
2,850,-2.0,4.100053528178122,25.485231398168686
2,860,-2.0,4.102952392600685,25.426695696059383
2,870,-2.0,4.102812624800532,25.49756597400891
2,880,-2.0,4.1000768355373145,25.50092832403085
2,890,-2.0,4.102188974641289,25.62654466985935
2,900,-2.0,4.095915344697469,25.58299346762301
2,910,-2.0,4.091380999684309,25.603941555106417
2,920,-2.0,4.096823738775753,25.689393875692907
2,930,-2.0,4.102260994460602,25.562650440206333
2,940,-2.0,4.098949303749251,25.667282648009955
2,950,-2.0,4.098144194798033,25.775089509777626
2,960,-2.0,4.09540685682779,25.74107335341677
2,970,-2.0,4.091764561904229,25.707245626217706
2,980,-2.0,4.086754286600661,25.779815101060986
2,990,-2.0,4.084721549971491,25.729498710038868
2,1000,-2.0,4.091654570017391,25.973489990120196
2,1010,-2.0,4.0885364633996595,25.841314640577597
2,1020,-2.0,4.090715748528631,25.98373778468761
2,1030,-2.0,4.082831891890545,25.92277769609399
2,1040,-2.0,4.077997467965198,26.020658080846253
2,1050,-2.0,4.079775324145818,26.058463579542188
2,1060,-2.0,4.077784063024498,26.063686404735424
2,1070,-2.0,4.084140096321704,26.161902250025264
2,1080,-2.0,4.081057589670396,26.014131507041746
2,1090,-2.0,4.069945615117742,26.047949151899875
2,1100,-2.0,4.073541132872107,26.159352038510413
2,1110,-2.0,4.078052580713486,26.15805503402061
2,1120,-2.0,4.0797195172211955,26.17654409362188
2,1130,-2.0,4.072873929451761,26.241872324446003
2,1140,-2.0,4.070692818063066,26.29849033568022
2,1150,-2.0,4.0775023375639705,26.30104587488927
2,1160,-2.0,4.078031015044939,26.20109087860162
2,1170,-2.0,4.063962081386366,26.297923601598168
2,1180,-2.0,4.058024663635813,26.406676709111053
2,1190,-2.0,4.063765174701805,26.428579920609316
2,1200,-2.0,4.064547680336196,26.477777504338565
2,1210,-2.0,4.063092189335813,26.539410453177958
2,1220,-2.0,4.061247085133538,26.511220391764326
2,1230,-2.0,4.0677729837328815,26.556110867192405
2,1240,-2.0,4.056301531764601,26.553974935834503
2,1250,-2.0,4.0639584596979645,26.585867049601372
2,1260,-2.0,4.059615135064144,26.649941760041575
2,1270,-2.0,4.058607029309616,26.755644197850977
2,1280,-2.0,4.058486452419001,26.72026198936443
2,1290,-2.0,4.047815136069428,26.7571953527027
2,1300,-2.0,4.046498400745655,26.848550370640453
2,1310,-2.0,4.0513272405345635,26.876108341615865
2,1320,-2.0,4.052944709039975,26.80171138582844
2,1330,-2.0,4.050363133346382,26.975385257612924
2,1340,-2.0,4.0404606816738164,26.95626035411049
2,1350,-2.0,4.043680751684853,26.903935942075588
2,1360,-2.0,4.0393498431620065,26.976319563927746
2,1370,-2.0,4.043763932674603,27.03772620537799
2,1380,-2.0,4.0476219389248005,27.130246983367282
2,1390,-2.0,4.042347429762668,27.091868842135383
2,1400,-2.0,4.036894844717004,27.09414406916063
2,1410,-2.0,4.031640921620142,27.129161723921516
2,1420,-2.0,4.026207245436636,27.229281771836856
2,1430,-2.0,4.0298409929977055,27.253320074451576
2,1440,-2.0,4.034795709110894,27.26846902554229
2,1450,-2.0,4.025326408117163,27.230567966359096
2,1460,-2.0,4.032010112784324,27.27566762399054
2,1470,-2.0,4.031184738175596,27.386840969184878
2,1480,-2.0,4.026740468208721,27.381862825240827
2,1490,-2.0,4.020114434836162,27.40596647307921
2,1500,-2.0,4.024806594061505,27.455203340000413
2,1510,-2.0,4.019499347368785,27.397076804692524
2,1520,-2.0,4.016133798993625,27.483022050950606
2,1530,-2.0,4.016852950824809,27.51576974762701
2,1540,-2.0,4.017093862446512,27.601740286175854
2,1550,-2.0,4.019321220450795,27.588911668830224
2,1560,-2.0,4.007578142838669,27.6390292802896
2,1570,-2.0,4.012497170166901,27.57819091924258
2,1580,-2.0,4.0095737929941,27.720367018597404
2,1590,-2.0,4.010235643705376,27.792123556671495
2,1600,-2.0,4.00555402674016,27.775168719447947
2,1610,-2.0,4.007455479133771,27.86441416016587
2,1620,-2.0,4.004329914491529,27.887063972441297
2,1630,-2.0,3.9995510352077797,27.877789333314205
2,1640,-2.0,4.004595318933769,27.996816046760777
2,1650,-2.0,3.9984717306870596,27.97210540517801
2,1660,-2.0,3.9947726095747176,27.9894958730642
2,1670,-2.0,3.9923483722055138,27.994708579247497
2,1680,-2.0,3.9917660395996437,28.128663364261318
2,1690,-2.0,3.9877863300306142,28.115978885742415
2,1700,-2.0,3.9931605774606256,28.28610079087259
2,1710,-2.0,3.9910736567608462,28.174119408062133
2,1720,-2.0,3.9826713818704076,28.166600009130413
2,1730,-2.0,3.9852646486349874,28.266124146474638
2,1740,-2.0,3.9840263607132806,28.319523044154188
2,1750,-2.0,3.97727617009727,28.33366867723598
2,1760,-2.0,3.981247342648823,28.314938735634737
2,1770,-2.0,3.9727194585474974,28.369759895579048
2,1780,-2.0,3.9790912082549816,28.483343179002652
2,1790,-2.0,3.978413477414604,28.41814270549284
2,1800,-2.0,3.9698570777342788,28.483132685571082
2,1810,-2.0,3.9704338300558564,28.584323327900137
2,1820,-2.0,3.9628371513422107,28.52437556762967
2,1830,-2.0,3.9621824566617216,28.565413061642214
2,1840,-2.0,3.964275057797915,28.641380191332267
2,1850,-2.0,3.9576621877892837,28.72020137165442
2,1860,-2.0,3.9499169239879692,28.71697151100667
2,1870,-2.0,3.9501267043371557,28.779907604832847
2,1880,-2.0,3.945599914299088,28.820676552400588
2,1890,-2.0,3.942212126388813,28.87499582340461
2,1900,-2.0,3.9461576642623557,28.9647678533342
2,1910,-2.0,3.9429514683251274,29.01834044798669
2,1920,-2.0,3.9461777922032963,28.927607970983566
2,1930,-2.0,3.940733015635929,28.99350902930292
2,1940,-2.0,3.9421715390942667,28.97861713970727
2,1950,-2.0,3.9436011023977504,29.02846889841143
2,1960,-2.0,3.932530334825904,29.087049787108715
2,1970,-2.0,3.9299095341726114,29.180249343782712
2,1980,-2.0,3.9258854853349985,29.25064337617573
2,1990,-2.0,3.926558264565209,29.238715760763625
2,2000,-2.0,3.9201535039281485,29.277804639216036
2,2010,-2.0,3.9122586114066826,29.377698382419375
2,2020,-2.0,3.9102524857776766,29.38451824565322
2,2030,-2.0,3.91448278706686,29.388705042774255
2,2040,-2.0,3.9133123228173545,29.455954243986277
2,2050,-2.0,3.905839057300527,29.47202072831686
2,2060,-2.0,3.9007718361462747,29.442096511619184
2,2070,-2.0,3.902283299608177,29.550442323339023
2,2080,-2.0,3.9058246134315144,29.656186434071376
2,2090,-2.0,3.9039840381826045,29.669957643937945
2,2100,-2.0,3.8968146516561624,29.723397563417702
2,2110,-2.0,3.892664533004712,29.698891187905243
2,2120,-2.0,3.8937230544946133,29.717963466576975
2,2130,-2.0,3.8929880724893904,29.803789350641335
2,2140,-2.0,3.895465110676903,29.835059725962815
2,2150,-2.0,3.887465098152421,29.829683304462723
2,2160,-2.0,3.876577184372696,29.92605285655402
2,2170,-2.0,3.880867145539409,30.003238807178995
2,2180,-2.0,3.8757952463955334,29.96786655000994
2,2190,-2.0,3.870698662909345,29.997072011301096
2,2200,-2.0,3.873921829961418,30.031215438042725
2,2210,-2.0,3.8657175373856907,30.258163749315507
2,2220,-2.0,3.8592140257294747,30.171382167789258
2,2230,-2.0,3.8636484774728594,30.223168435381357
2,2240,-2.0,3.863870765725547,30.26961127807624
2,2250,-2.0,3.855026721288175,30.261192957338626
2,2260,-2.0,3.8486665939708926,30.338827365277304
2,2270,-2.0,3.8457762666921225,30.37156515977322
2,2280,-2.0,3.84228601295639,30.412668681795545
2,2290,-2.0,3.8525457982096944,30.440926769759844
2,2300,-2.0,3.8452013351335457,30.470518499918086
2,2310,-2.0,3.8400510578885143,30.570283806277732
2,2320,-2.0,3.8397635500081893,30.573162203524983
2,2330,-2.0,3.82677395548754,30.694123057940367
2,2340,-2.0,3.82299983344717,30.69053641015119
2,2350,-2.0,3.823206188918758,30.762680240106754
2,2360,-2.0,3.819276500100167,30.765511365163583
2,2370,-2.0,3.8194199527054535,30.8203604864969
2,2380,-2.0,3.814470531793862,30.824468527202733
2,2390,-2.0,3.8157086991653157,30.857551371187594
2,2400,-2.0,3.8178980949194994,30.965271067429647
2,2410,-2.0,3.806584525084922,30.898713847776616
2,2420,-2.0,3.805610942012837,31.034873627531198
2,2430,-2.0,3.7959911318131856,31.122607353624854
2,2440,-2.0,3.7974085660216157,31.14245414543641
2,2450,-2.0,3.7982146520603757,31.16283827095951
2,2460,-2.0,3.794932140902459,31.25826395920427
2,2470,-2.0,3.778387468547655,31.236260030498414
2,2480,-2.0,3.7858995913489397,31.320288761411188
2,2490,-2.0,3.7802265585449963,31.413562607629558
2,2500,-2.0,3.777603704306712,31.32678918328379
2,2510,-2.0,3.76399303148719,31.36897448133594
2,2520,-2.0,3.772204158652926,31.4922636531311
2,2530,-2.0,3.7609028408677827,31.468626406653264
2,2540,-2.0,3.7637915529426964,31.55147343164172
2,2550,-2.0,3.7586230432448176,31.498869150322143
2,2560,-2.0,3.759081712433124,31.662583549111176
2,2570,-2.0,3.746575230607868,31.66712777392177
2,2580,-2.0,3.749536642304505,31.771216388715025
2,2590,-2.0,3.7414269359154577,31.770001189194712
2,2600,-2.0,3.7361894747725666,31.844223657875844
2,2610,-2.0,3.7281552181968762,31.84688007252715
2,2620,-2.0,3.7256993581478866,31.918028120181297
2,2630,-2.0,3.7263237442141106,31.99683891167072
2,2640,-2.0,3.720031635247836,32.05680237669978
2,2650,-2.0,3.7151548335988664,31.9913218685358
2,2660,-2.0,3.7141025865433566,32.141165761305686
2,2670,-2.0,3.7141021403977303,32.2358561302285
2,2680,-2.0,3.709898969423673,32.20349643495836
2,2690,-2.0,3.705564384566415,32.17250543852919
2,2700,-2.0,3.6984373745616748,32.270013615651465
2,2710,-2.0,3.6900109843613014,32.36260817820014
2,2720,-2.0,3.6892952098442846,32.418953569213606
2,2730,-2.0,3.6800367233097844,32.42399066489513
2,2740,-2.0,3.6779854636042866,32.507484584259615
2,2750,-2.0,3.6782763068244915,32.51813511646959
2,2760,-2.0,3.6629021321615443,32.58425477651556
2,2770,-2.0,3.678720101811976,32.61968690963939
2,2780,-2.0,3.6677164596613627,32.68839968421537
2,2790,-2.0,3.6511171256695145,32.660199020788845
2,2800,-2.0,3.6495819350340684,32.69906244013448
2,2810,-2.0,3.65828388797049,32.817025609388295
2,2820,-2.0,3.647413400177563,32.93371033709574
2,2830,-2.0,3.637825595107523,32.92237409839373
2,2840,-2.0,3.631198151623476,32.890851809914366
2,2850,-2.0,3.6366544140791155,33.01572425232798
2,2860,-2.0,3.6252869384807536,33.01350161999582
2,2870,-2.0,3.613511330956177,33.09168588229654
2,2880,-2.0,3.6145240433376227,33.11296845868323
2,2890,-2.0,3.6138264735591497,33.15842337634871
2,2900,-2.0,3.6132798816159193,33.26142986128137
2,2910,-2.0,3.5977433807337986,33.2393463130212
2,2920,-2.0,3.5937549197332865,33.305059167049016
2,2930,-2.0,3.589420024269777,33.29266170861617
2,2940,-2.0,3.5868394472760046,33.361154540280836
2,2950,-2.0,3.5795298611543367,33.43734586511975
2,2960,-2.0,3.5778779482383265,33.491919175379856
2,2970,-2.0,3.5710012613124085,33.5272395608026
2,2980,-2.0,3.565536434770006,33.643347950083275
2,2990,-2.0,3.5622057951584316,33.663594353490076
2,3000,-2.0,3.555301841455902,33.63286890075007
2,3010,-2.0,3.552594925063912,33.81556152235752
2,3020,-2.0,3.541208509918358,33.726291091136545
2,3030,-2.0,3.534237714774106,33.839359573016154
2,3040,-2.0,3.5268836075297925,33.89841266921009
2,3050,-2.0,3.529003088813872,33.9265910239713
2,3060,-2.0,3.516304832344775,33.98369702577053
2,3070,-2.0,3.5203113831489126,34.08104043313391
2,3080,-2.0,3.5078421480363855,34.067191869461105
2,3090,-2.0,3.502364122067701,34.16212209167057
2,3100,-2.0,3.4950304031986668,34.186970562638244
2,3110,-2.0,3.491361190610249,34.21002195978694
2,3120,-2.0,3.4855961736727488,34.302531767768585
2,3130,-2.0,3.4879491489530614,34.31397568166468
2,3140,-2.0,3.4750625016239565,34.28635926995416
2,3150,-2.0,3.466640196003136,34.40852643830095
2,3160,-2.0,3.46691716312917,34.475180085567175
2,3170,-2.0,3.459770366587574,34.49981521446713
2,3180,-2.0,3.445686811217366,34.56268673243637
2,3190,-2.0,3.4439120314376765,34.558520710951655
2,3200,-2.0,3.4357164486869203,34.73385323508577
2,3210,-2.0,3.4240208431218684,34.79823451251048
2,3220,-2.0,3.419961355843835,34.92464106974467
2,3230,-2.0,3.4214775018296733,34.91673095286094
2,3240,-2.0,3.4103149243675013,34.96791775013633
2,3250,-2.0,3.402051120363826,35.00433312040091
2,3260,-2.0,3.399176194921635,34.99309270794953
2,3270,-2.0,3.3914335945547545,35.102258778669665
2,3280,-2.0,3.3837345665956584,35.142365040678406
2,3290,-2.0,3.3737919809603683,35.20523974008239
2,3300,-2.0,3.3655946871683815,35.25227993773037
2,3310,-2.0,3.3678893276404347,35.36346267169823
2,3320,-2.0,3.359879120766443,35.349374277281775
2,3330,-2.0,3.3493994577388446,35.3436228995386
2,3340,-2.0,3.3373194212564483,35.44060067040323
2,3350,-2.0,3.3286087402814872,35.4554973142753
2,3360,-2.0,3.3223274598859294,35.4809319621682
2,3370,-2.0,3.319501322216306,35.54684157751063
2,3380,-2.0,3.3113907780045135,35.45841157630757
2,3390,-2.0,3.3002329790620486,35.71052220422769
2,3400,-2.0,3.2887493508199186,35.69889244769951
2,3410,-2.0,3.2884539787901454,35.80985469773738
2,3420,-2.0,3.2792693726546007,35.72950182861572
2,3430,-2.0,3.2664516859990447,35.842652968204035
2,3440,-2.0,3.2642016195830728,35.92205086022074
2,3450,-2.0,3.256897423417445,35.950902728992546
3,0,-2.0,4.143511448017621,24.102306431031256
3,10,-2.0,4.145098607625445,24.072764987354798
3,20,-2.0,4.137315768880457,23.972277223055713
3,30,-2.0,4.139609399014932,23.974133334838648
3,40,-2.0,4.142747814798321,24.021103976743202
3,50,-2.0,4.14401834913395,24.04580523939437
3,60,-2.0,4.139274462468091,24.16431483842339
3,70,-2.0,4.136352401969353,24.015112062367482
3,80,-2.0,4.140219522745045,23.983695300388273
3,90,-2.0,4.143052650351009,24.115505307083495
3,100,-2.0,4.1379362379569375,24.118975886898166
3,110,-2.0,4.14865272748208,24.044193611333185
3,120,-2.0,4.136426654010291,24.10488420008515
3,130,-2.0,4.141149704280987,24.085635374004273
3,140,-2.0,4.1415702149570475,24.06202766205471
3,150,-2.0,4.137526901256702,24.137165775894225
3,160,-2.0,4.135799509999742,24.14755834406833
3,170,-2.0,4.134684273658038,24.158348191921156
3,180,-2.0,4.14182837519343,24.137235639108255
3,190,-2.0,4.139423924406926,24.18651983849718
3,200,-2.0,4.13087594103528,24.22506638751101
3,210,-2.0,4.137836606825602,24.141281548641068
3,220,-2.0,4.139061280466904,24.15499838290438
3,230,-2.0,4.136010254863275,24.36066432363378
3,240,-2.0,4.137113883746376,24.19488204300821
3,250,-2.0,4.1376201703022515,24.223928568013633
3,260,-2.0,4.129210246473558,24.19540707220216
3,270,-2.0,4.139593208931549,24.24696110913815
3,280,-2.0,4.133685008849414,24.30278865660665
3,290,-2.0,4.131947641653542,24.319087319175598
3,300,-2.0,4.131465945221044,24.306603022475606
3,310,-2.0,4.1383749786013935,24.2782713938852
3,320,-2.0,4.134384535423596,24.34133339526354
3,330,-2.0,4.133128240271311,24.43180478795452
3,340,-2.0,4.132497710453685,24.318077114714498
3,350,-2.0,4.132239978449007,24.464023728531608
3,360,-2.0,4.133699139071503,24.437450092857436
3,370,-2.0,4.126015776875804,24.379528196972476
3,380,-2.0,4.128044763266156,24.467146721641132
3,390,-2.0,4.1325531892714205,24.475043761312822
3,400,-2.0,4.118669588526301,24.457595181719622
3,410,-2.0,4.123312894302341,24.56175209619941
3,420,-2.0,4.13364631457065,24.50189496998021
3,430,-2.0,4.120810072022976,24.51748190911062
3,440,-2.0,4.121062730645021,24.60120860524246
3,450,-2.0,4.128939567223424,24.578177043825097
3,460,-2.0,4.130298397360749,24.61936015516548
3,470,-2.0,4.122974006690642,24.70933057105251
3,480,-2.0,4.126447347060348,24.657219523468907
3,490,-2.0,4.1231441335239385,24.60040973628166
3,500,-2.0,4.126109209367177,24.72003983883214
3,510,-2.0,4.124004787513511,24.703760174281445
3,520,-2.0,4.1339972367217355,24.79253213526202
3,530,-2.0,4.127038639151917,24.760839630768007
3,540,-2.0,4.121100840239889,24.81082645540264
3,550,-2.0,4.126559913339862,24.75820514593515
3,560,-2.0,4.117151032065661,24.814606497556504
3,570,-2.0,4.12031469636181,24.922294778310413
3,580,-2.0,4.121566750778526,24.87864380988941
3,590,-2.0,4.12724133377644,24.826973310431946
3,600,-2.0,4.121033355702056,24.8614426624493
3,610,-2.0,4.114762426458501,24.874073035039537
3,620,-2.0,4.109577915122885,24.849321542359387
3,630,-2.0,4.107856478039526,24.963472998297977
3,640,-2.0,4.1195469336547035,24.971186312910476
3,650,-2.0,4.12240845454617,24.89823624175023
3,660,-2.0,4.111700081830873,25.08653236449592
3,670,-2.0,4.113085424198736,25.04106116906589
3,680,-2.0,4.1171064882610136,25.121251109346446
3,690,-2.0,4.110396092657911,25.033663089704902
3,700,-2.0,4.119462180483208,25.072069906573937
3,710,-2.0,4.1139394794626,25.18003610302995
3,720,-2.0,4.109926838749302,25.192698596095283
3,730,-2.0,4.116396084934788,25.211843452122128
3,740,-2.0,4.098266787007376,25.255339752114764
3,750,-2.0,4.109283696691914,25.24786293081942
3,760,-2.0,4.108918638140406,25.320838102052132
3,770,-2.0,4.102754283618496,25.300260012357587
3,780,-2.0,4.104097373852481,25.387138472689397
3,790,-2.0,4.101981735426464,25.35130652744338
3,800,-2.0,4.102780735130537,25.397540202583293
3,810,-2.0,4.0994666606274315,25.38392754886506
3,820,-2.0,4.097473475531414,25.388571100609468
3,830,-2.0,4.0959828207684446,25.545787533133268
3,840,-2.0,4.103032001172261,25.48498435219791
3,850,-2.0,4.1001435047285515,25.48227346034314
3,860,-2.0,4.09786770423636,25.523254680896727
3,870,-2.0,4.095519266063454,25.589563555573264
3,880,-2.0,4.095755717820998,25.644211081385894
3,890,-2.0,4.094807856260114,25.69532627491331
3,900,-2.0,4.09193234191309,25.72059251285184
3,910,-2.0,4.0895663982938695,25.604023062391477
3,920,-2.0,4.094040769544188,25.709565843366956
3,930,-2.0,4.089403906971711,25.715731048251136
3,940,-2.0,4.0881399709034465,25.86388373993763
3,950,-2.0,4.092221002906946,25.850367881512796
3,960,-2.0,4.094117670888061,25.81790730892515
3,970,-2.0,4.082543444441248,25.93226664795203
3,980,-2.0,4.086830401016248,25.880471248737337
3,990,-2.0,4.090348657034593,25.834006747359076
3,1000,-2.0,4.077693202531291,25.899006585086397
3,1010,-2.0,4.082262143269811,25.8870546036788
3,1020,-2.0,4.082636747860264,25.9497929427134
3,1030,-2.0,4.080740137117079,25.92178967076516
3,1040,-2.0,4.0855927608342775,25.95157789140102
3,1050,-2.0,4.077998016269269,26.06188957436945
3,1060,-2.0,4.07515066926713,26.066322699085287
3,1070,-2.0,4.074314783565721,26.108695304790814
3,1080,-2.0,4.08049761401451,26.142239911134407
3,1090,-2.0,4.069259245460014,26.21123777422296
3,1100,-2.0,4.067754339313267,26.287009699728035
3,1110,-2.0,4.070876382206563,26.23795772397928
3,1120,-2.0,4.0650669741028995,26.260046548519632
3,1130,-2.0,4.076887346788472,26.304519922156718
3,1140,-2.0,4.0661184872153875,26.362496938055507
3,1150,-2.0,4.068750937687281,26.362210235957694
3,1160,-2.0,4.065043789949115,26.429218004565588
3,1170,-2.0,4.067817671570877,26.531485614803156
3,1180,-2.0,4.0631366709256165,26.552233342740937
3,1190,-2.0,4.063754595663081,26.399681115387992
3,1200,-2.0,4.059811436581254,26.502364559866134
3,1210,-2.0,4.062301039017795,26.563066112031787
3,1220,-2.0,4.066629755269744,26.615473553349016
3,1230,-2.0,4.057747804747448,26.625501008901512
3,1240,-2.0,4.064438415773969,26.662552313624705
3,1250,-2.0,4.053550283258054,26.65316447750458
3,1260,-2.0,4.051183818872235,26.64985227616759
3,1270,-2.0,4.047272257049527,26.70743118234373
3,1280,-2.0,4.0423762094685065,26.801579330977646
3,1290,-2.0,4.044226876379092,26.86994454470043
3,1300,-2.0,4.052728317906011,26.799765848320217
3,1310,-2.0,4.047919750266957,26.906848165162284
3,1320,-2.0,4.0508838353656085,26.85722152187757
3,1330,-2.0,4.042936954942705,26.99908272435197
3,1340,-2.0,4.045015909228667,26.960565588731395
3,1350,-2.0,4.035856727601652,27.0855411103853
3,1360,-2.0,4.041540309656696,27.024603657707594
3,1370,-2.0,4.038056613276628,27.06436428036164
3,1380,-2.0,4.039901389764036,27.12367496424277
3,1390,-2.0,4.033483880824159,27.177744596061835
3,1400,-2.0,4.036076771861583,27.226248451235126
3,1410,-2.0,4.035731254980256,27.248430803201455
3,1420,-2.0,4.029515835969916,27.326603490549523
3,1430,-2.0,4.029166305028828,27.264451093995014
3,1440,-2.0,4.024079770071147,27.302796654963526
3,1450,-2.0,4.026599182751913,27.318269537518105
3,1460,-2.0,4.028770177506976,27.48484631528726
3,1470,-2.0,4.020610925330335,27.45803765433855
3,1480,-2.0,4.016633811810864,27.42657637958592
3,1490,-2.0,4.020115278159754,27.45534600317046
3,1500,-2.0,4.025223755086077,27.5719340069647
3,1510,-2.0,4.021595305874073,27.61593007468778
3,1520,-2.0,4.0149642067587425,27.576010578942068
3,1530,-2.0,4.016630903530264,27.649462770752866
3,1540,-2.0,4.008495279915892,27.664310371232695
3,1550,-2.0,4.010683063055328,27.709962368438376
3,1560,-2.0,4.007173518787881,27.69102006978869
3,1570,-2.0,4.002341915393085,27.77879639034905
3,1580,-2.0,4.003526187115892,27.899705248383228
3,1590,-2.0,3.9978438236881493,27.869482157873435
3,1600,-2.0,4.0022150448602245,27.95282349436226
3,1610,-2.0,4.004332304831163,27.91050228644182
3,1620,-2.0,3.991033584162115,27.981635683912156
3,1630,-2.0,3.994867184942288,27.93483725893342
3,1640,-2.0,3.9923634320527888,28.022216727230585
3,1650,-2.0,3.9897296192751397,28.00315303536766
3,1660,-2.0,3.9839079441334175,28.100619115955073
3,1670,-2.0,3.9942647489263763,28.246264284615094
3,1680,-2.0,3.979913783019691,28.15024530934027
3,1690,-2.0,3.979862087399413,28.266138626369038
3,1700,-2.0,3.978366767083018,28.28083630151158
3,1710,-2.0,3.9768262364408336,28.21191348283896
3,1720,-2.0,3.97334390368534,28.32034804714795
3,1730,-2.0,3.972275044797849,28.479622699915616
3,1740,-2.0,3.9733924656704502,28.296677042646177
3,1750,-2.0,3.975817800706774,28.518521177214392
3,1760,-2.0,3.967930900629567,28.52977345935258
3,1770,-2.0,3.966837122657237,28.506610645703603
3,1780,-2.0,3.966557205884058,28.629565149804684
3,1790,-2.0,3.960818687183752,28.598722665323926
3,1800,-2.0,3.9550688820269353,28.770933221090623
3,1810,-2.0,3.9588488240580273,28.68336907380858
3,1820,-2.0,3.948346897643609,28.87271958169671
3,1830,-2.0,3.959974924760046,28.738644805143927
3,1840,-2.0,3.954629035776025,28.7420504678744
3,1850,-2.0,3.9507459101048448,28.880635634536738
3,1860,-2.0,3.9500990068612043,28.871395019045863
3,1870,-2.0,3.9414512901728607,28.890423679753358
3,1880,-2.0,3.9387913795189538,28.98591149041958
3,1890,-2.0,3.9407689497699607,28.974293756633596
3,1900,-2.0,3.937725295006089,29.033435696721945
3,1910,-2.0,3.934519713088792,29.163693976463684
3,1920,-2.0,3.9318467866467905,29.119132657178636
3,1930,-2.0,3.9285855938390153,29.19190168270156
3,1940,-2.0,3.9239477146651005,29.19576881262501
3,1950,-2.0,3.9233479425145195,29.27837122193796
3,1960,-2.0,3.9261326769597487,29.227791089816147
3,1970,-2.0,3.9287222158222104,29.342887041985616
3,1980,-2.0,3.9143088368531247,29.279369445921926
3,1990,-2.0,3.9095737248952296,29.349073401599107
3,2000,-2.0,3.912297415842375,29.385009228130368
3,2010,-2.0,3.9042580480218563,29.49103182849325
3,2020,-2.0,3.907048964593348,29.512060077207234
3,2030,-2.0,3.902754656836396,29.558450041125
3,2040,-2.0,3.9024340895568743,29.664116026579215
3,2050,-2.0,3.8986116017562504,29.735087393398047
3,2060,-2.0,3.891197505107937,29.776875189883647
3,2070,-2.0,3.8968189370390194,29.822320271006284
3,2080,-2.0,3.8826521625227453,29.786423907133365
3,2090,-2.0,3.8896928606709293,29.787491950408338
3,2100,-2.0,3.8874603655370494,29.90851263442318
3,2110,-2.0,3.883426024351463,29.94047100996449
3,2120,-2.0,3.8884888870943937,29.97129112697308
3,2130,-2.0,3.880345261386992,30.00238090364874
3,2140,-2.0,3.870412305239446,30.005277936829504
3,2150,-2.0,3.8695631463993974,30.088840182577353
3,2160,-2.0,3.873553619182949,30.229041721256408
3,2170,-2.0,3.8663221983772584,30.154986003831997
3,2180,-2.0,3.867948740866384,30.21080517314094
3,2190,-2.0,3.855408565763614,30.122981734685155
3,2200,-2.0,3.8593145772473494,30.346209461532204
3,2210,-2.0,3.8521815241228055,30.305244883017
3,2220,-2.0,3.8535871714078587,30.35121487649547
3,2230,-2.0,3.8435340305203507,30.26868081547979
3,2240,-2.0,3.8443529273550068,30.440024975283304
3,2250,-2.0,3.8416093639926334,30.55968242760915
3,2260,-2.0,3.8410683805780224,30.551650823478656
3,2270,-2.0,3.8316033402761254,30.615465801255827
3,2280,-2.0,3.828963524215007,30.668696817681383
3,2290,-2.0,3.8246336406101435,30.748071716080588
3,2300,-2.0,3.8172871533890342,30.762807649114684
3,2310,-2.0,3.8193802444299165,30.78266766801754
3,2320,-2.0,3.8224834502349654,30.91904065226656
3,2330,-2.0,3.8185375330161326,30.964176857378156
3,2340,-2.0,3.8187022286287635,30.923225239119866
3,2350,-2.0,3.810310451738038,30.854016456283986
3,2360,-2.0,3.805969455087384,30.949204980470796
3,2370,-2.0,3.805552896230099,31.027468780656793
3,2380,-2.0,3.791518790465979,31.140910866248728
3,2390,-2.0,3.805577021143001,31.124983130278817
3,2400,-2.0,3.7998424520354415,31.146014134822956
3,2410,-2.0,3.7846114668638453,31.20372393231205
3,2420,-2.0,3.779947073653499,31.20359909116186
3,2430,-2.0,3.786077867376562,31.33974037744334
3,2440,-2.0,3.774288384234888,31.301618000356367
3,2450,-2.0,3.780102038721285,31.312377657094466
3,2460,-2.0,3.770115543525662,31.417189643723468
3,2470,-2.0,3.771603068968192,31.486278983416188
3,2480,-2.0,3.7660266937507934,31.460800269434735
3,2490,-2.0,3.754017251277403,31.577752757711213
3,2500,-2.0,3.7568758095820454,31.64918537538722
3,2510,-2.0,3.753151684825423,31.680569711514842
3,2520,-2.0,3.747485865907777,31.61738289436445
3,2530,-2.0,3.741484796582813,31.73023083583152
3,2540,-2.0,3.7353583614117736,31.791198201918643
3,2550,-2.0,3.730501260877822,31.788039070130246
3,2560,-2.0,3.732495058420509,31.879786699373362
3,2570,-2.0,3.7268673007943844,31.969792203039017
3,2580,-2.0,3.723348139671438,32.07561109452952
3,2590,-2.0,3.7144539553429334,32.05936610895766
3,2600,-2.0,3.7140083905112533,32.16960019892924
3,2610,-2.0,3.707509102761444,32.09429452716381
3,2620,-2.0,3.699869437114289,32.180392707310865
3,2630,-2.0,3.707117610723194,32.166397551143234
3,2640,-2.0,3.6991389425177634,32.229031714672026
3,2650,-2.0,3.6936596006772806,32.23708282477034
3,2660,-2.0,3.690928392436442,32.31812312713395
3,2670,-2.0,3.6865014513915066,32.39333457277664
3,2680,-2.0,3.6796103514392366,32.4475185015341
3,2690,-2.0,3.6802633496107884,32.481930429283054
3,2700,-2.0,3.6748295022069075,32.524587106702576
3,2710,-2.0,3.6789189487933776,32.653515992254235
3,2720,-2.0,3.668457548206576,32.62562566618301
3,2730,-2.0,3.657149792774872,32.739492316164906
3,2740,-2.0,3.651987009764491,32.771613929255196
3,2750,-2.0,3.656124593488735,32.76198538500713
3,2760,-2.0,3.646119833892706,32.87481043679484
3,2770,-2.0,3.642583136303284,32.91643080812863
3,2780,-2.0,3.6371678175619957,32.944236549765435
3,2790,-2.0,3.6326571369652383,33.02385650148528
3,2800,-2.0,3.617007021910965,33.11090352172935
3,2810,-2.0,3.6209181890874658,33.058516616465994
3,2820,-2.0,3.6248100195594293,33.03468444642686
3,2830,-2.0,3.6045764197980934,33.16315736734578
3,2840,-2.0,3.608070224746842,33.14797012095277
3,2850,-2.0,3.6048936583400795,33.19996226169231
3,2860,-2.0,3.5845462411192104,33.35642642921112
3,2870,-2.0,3.589325132202496,33.27526022866872
3,2880,-2.0,3.5815577687172233,33.4415334417995
3,2890,-2.0,3.5786632943206254,33.485085073962
3,2900,-2.0,3.5778111721377304,33.54781380163495
3,2910,-2.0,3.5644144309856376,33.52137677658756
3,2920,-2.0,3.5619092273984885,33.633730559827896
3,2930,-2.0,3.5629862221528006,33.613677664507165
3,2940,-2.0,3.552119671088236,33.74602283906274
3,2950,-2.0,3.548932020376071,33.7279745520237
3,2960,-2.0,3.5388395583581094,33.87798816335213
3,2970,-2.0,3.531224638154955,33.84422802722627
3,2980,-2.0,3.528222340608649,33.940165852559936
3,2990,-2.0,3.5265659230890174,33.87805577753327
3,3000,-2.0,3.517702339711619,33.977561534179344
3,3010,-2.0,3.5066623158844554,34.072756079725224
3,3020,-2.0,3.508361946918126,34.08618486440181
3,3030,-2.0,3.503457296434207,34.15516736644247
3,3040,-2.0,3.492979660535055,34.229284809736065
3,3050,-2.0,3.485500877252213,34.27887153316298
3,3060,-2.0,3.4770734743236473,34.31591035560744
3,3070,-2.0,3.4687283315644946,34.383273275639844
3,3080,-2.0,3.467890082186605,34.358341492313606
3,3090,-2.0,3.4602529317306945,34.466641741038
3,3100,-2.0,3.45500956012056,34.587218764157974
3,3110,-2.0,3.4543698225326316,34.54637334832142
3,3120,-2.0,3.4491601057644217,34.66297350217839
3,3130,-2.0,3.4376803960242612,34.643974053390004
3,3140,-2.0,3.4334121106856017,34.68996979764228
3,3150,-2.0,3.421123044169919,34.68846339856547
3,3160,-2.0,3.4102207973524012,34.76473695960564
3,3170,-2.0,3.407850477461295,34.84912183773314
3,3180,-2.0,3.402343131401624,34.971033452650424
3,3190,-2.0,3.400467931953107,34.98576509106698
3,3200,-2.0,3.3873071013311207,35.02195582257891
3,3210,-2.0,3.3821036316939463,35.087345688751014
3,3220,-2.0,3.3724055337808894,35.12913560084273
3,3230,-2.0,3.3729058373991796,35.174334703405634
3,3240,-2.0,3.361697557243732,35.22545590732823
3,3250,-2.0,3.354048430969886,35.35720671892992
3,3260,-2.0,3.353557354201939,35.295416360134915
3,3270,-2.0,3.3364302285516025,35.437864088878186
3,3280,-2.0,3.3353679884256073,35.38896591904443
3,3290,-2.0,3.324829677851499,35.56285904704966
3,3300,-2.0,3.315027550347159,35.61769965771162
3,3310,-2.0,3.309994844579511,35.6237764597364
3,3320,-2.0,3.303197973960864,35.63971934512916
3,3330,-2.0,3.301799208271974,35.70679853492739
3,3340,-2.0,3.2876910340296672,35.72447005092247
3,3350,-2.0,3.282321277290211,35.75990261033841
3,3360,-2.0,3.276065640314202,35.890216265496186
3,3370,-2.0,3.2617762095753724,35.97568239198134
3,3380,-2.0,3.2470050306687956,35.98195057113041
4,0,-2.0,4.144396559402378,24.076792150568576
4,10,-2.0,4.136232444709955,24.002839187144925
4,20,-2.0,4.140340033680379,24.065004714268188
4,30,-2.0,4.1429977116106,24.039718673742247
4,40,-2.0,4.137335186058527,24.042455434372066
4,50,-2.0,4.1414827813413435,24.051538822218422
4,60,-2.0,4.146233103758819,24.020532079717857
4,70,-2.0,4.140555520232978,23.996258161961403
4,80,-2.0,4.14046348628268,24.113464908245493
4,90,-2.0,4.141404888182568,24.088213420086838
4,100,-2.0,4.139364081588464,24.08002931828304
4,110,-2.0,4.140423114103359,24.07184514679209
4,120,-2.0,4.134960004986385,24.090682018486557
4,130,-2.0,4.1355957819813645,24.176015859095973
4,140,-2.0,4.135832160170372,24.064514528584706
4,150,-2.0,4.137929949359775,24.068165914411097
4,160,-2.0,4.13447848848583,24.141788689841487
4,170,-2.0,4.137521023318434,24.14481323082091
4,180,-2.0,4.137016618523745,24.157099866818285
4,190,-2.0,4.140985375908552,24.185736452757236
4,200,-2.0,4.132506719287268,24.129693464920845
4,210,-2.0,4.137710911775086,24.252435688705233
4,220,-2.0,4.135699664264657,24.176395168322127
4,230,-2.0,4.136014998949235,24.19894052847356
4,240,-2.0,4.136294439506313,24.26127081543131
4,250,-2.0,4.12736600472534,24.24209368765814
4,260,-2.0,4.131505142760832,24.22966580771007
4,270,-2.0,4.137848487549317,24.229255347050593
4,280,-2.0,4.132058571396419,24.37494556463754
4,290,-2.0,4.1374257845949804,24.271901847746378
4,300,-2.0,4.13720600093833,24.347971919468204
4,310,-2.0,4.129498571877828,24.33305935507178
4,320,-2.0,4.128620169333575,24.38648443790705
4,330,-2.0,4.132510369838284,24.314346742130468
4,340,-2.0,4.129386210706004,24.395837754900406
4,350,-2.0,4.13290415486505,24.426986475557836
4,360,-2.0,4.132424476379328,24.36271574040479
4,370,-2.0,4.1294787577155745,24.408684089052606
4,380,-2.0,4.139277494030354,24.445467176702557
4,390,-2.0,4.127280887713576,24.500469749357602
4,400,-2.0,4.122706871317831,24.50482428956218
4,410,-2.0,4.124593771501988,24.60194773564729
4,420,-2.0,4.1287611555247175,24.529397870258766
4,430,-2.0,4.129473382237025,24.596366694252325
4,440,-2.0,4.130054399313427,24.556597712294362
4,450,-2.0,4.129519250610316,24.541391321092515
4,460,-2.0,4.126059759429971,24.64668064490168
4,470,-2.0,4.124027020639107,24.593060455216886
4,480,-2.0,4.1270717729102655,24.70016928510772
4,490,-2.0,4.124566831929715,24.592761640256054
4,500,-2.0,4.122786571763274,24.73744014992671
4,510,-2.0,4.126853834169736,24.750764069108786
4,520,-2.0,4.126538823230263,24.813456596074243
4,530,-2.0,4.115862554417168,24.76105633771528
4,540,-2.0,4.124212236852718,24.83600461813307
4,550,-2.0,4.124791590902409,24.80823158745159
4,560,-2.0,4.122397052448442,24.8696401465334
4,570,-2.0,4.119721728432903,24.83574933076886
4,580,-2.0,4.126143082581444,24.971576595529342
4,590,-2.0,4.117996617896119,24.829707349433708
4,600,-2.0,4.121218839143739,24.924668109456373
4,610,-2.0,4.119063366696158,24.97196189401186
4,620,-2.0,4.120809920011433,24.981165248854246
4,630,-2.0,4.110501752889967,24.973982949782606
4,640,-2.0,4.107528678769411,25.02372777098567
4,650,-2.0,4.111943406638942,25.052227671136503
4,660,-2.0,4.112744119199519,25.081713101593447
4,670,-2.0,4.110908363050097,25.12801791673668
4,680,-2.0,4.115966382616014,25.16043273289294
4,690,-2.0,4.110356334518566,25.139369280494446
4,700,-2.0,4.1106557764611384,25.202763317499898
4,710,-2.0,4.112493425819647,25.193969239957546
4,720,-2.0,4.114964518031699,25.244281951521106
4,730,-2.0,4.107630992103705,25.262701260976947
4,740,-2.0,4.102156719698994,25.206417057647595
4,750,-2.0,4.106143300430332,25.296007504186782
4,760,-2.0,4.100577642045647,25.19232987780707
4,770,-2.0,4.1091478776244665,25.31696295069293
4,780,-2.0,4.106840170008856,25.3361832361144
4,790,-2.0,4.101741226777543,25.450684243779865
4,800,-2.0,4.109830351958137,25.398527694384
4,810,-2.0,4.103682643895058,25.47904614855579
4,820,-2.0,4.100092945524269,25.503460480316573
4,830,-2.0,4.101037606603989,25.29907668800954
4,840,-2.0,4.0961567178309295,25.573616871542843
4,850,-2.0,4.093194925998852,25.584562791944858
4,860,-2.0,4.099045231569012,25.55031115211664
4,870,-2.0,4.095666932564808,25.56874842881308
4,880,-2.0,4.089429047934715,25.70736931830594
4,890,-2.0,4.090800517467907,25.649605949261026
4,900,-2.0,4.099465649653321,25.658269324236258
4,910,-2.0,4.093726568553483,25.623627705092044
4,920,-2.0,4.0925486636809385,25.763977281710257
4,930,-2.0,4.093160105484834,25.79599239699622
4,940,-2.0,4.088204490398835,25.695993712646192
4,950,-2.0,4.089596732204254,25.80490846408908
4,960,-2.0,4.0900553139689455,25.911469538345496
4,970,-2.0,4.087007691539152,25.811657412684156
4,980,-2.0,4.081142492435002,25.908293927949316
4,990,-2.0,4.078473033349851,25.902376384127944
4,1000,-2.0,4.082130317505828,26.02795121203868
4,1010,-2.0,4.087885319654437,26.123851911038255
4,1020,-2.0,4.078443744753386,26.016925386053593
4,1030,-2.0,4.0726286277628825,26.08853369575945
4,1040,-2.0,4.074211005945865,26.13146415879741
4,1050,-2.0,4.080556011405495,26.06033839693903
4,1060,-2.0,4.08046762584032,26.11775817222809
4,1070,-2.0,4.0830257140034485,26.223560267503267
4,1080,-2.0,4.065959451936353,26.145285568818874
4,1090,-2.0,4.074217683481284,26.30817009490933
4,1100,-2.0,4.066063045792661,26.28836171415583
4,1110,-2.0,4.065808668335444,26.3647592999044
4,1120,-2.0,4.064923154253826,26.354488288688362
4,1130,-2.0,4.0715125096246805,26.44809996340736
4,1140,-2.0,4.064769900911642,26.342640842431766
4,1150,-2.0,4.0703215539121675,26.382077674648958
4,1160,-2.0,4.065146279707478,26.53888314293481
4,1170,-2.0,4.065001498223265,26.54248941659797
4,1180,-2.0,4.061401787823726,26.551188081700804
4,1190,-2.0,4.0644544154228,26.553144236811885
4,1200,-2.0,4.0603584917369115,26.630905763223684
4,1210,-2.0,4.054199992247064,26.671544121841812
4,1220,-2.0,4.056166926033505,26.680758609791003
4,1230,-2.0,4.0479849865236615,26.67599858897366
4,1240,-2.0,4.051512181802423,26.74599339004707
4,1250,-2.0,4.05102668739765,26.78902960101841
4,1260,-2.0,4.048732897679637,26.82196380885135
4,1270,-2.0,4.049811287420456,26.82505229137102
4,1280,-2.0,4.044689340134939,26.912931016614483
4,1290,-2.0,4.04922647736162,26.906170388740154
4,1300,-2.0,4.048746871411808,26.910892504850242
4,1310,-2.0,4.047782575243122,27.022724696786888
4,1320,-2.0,4.039661472844358,26.959701135184847
4,1330,-2.0,4.032317053171687,27.140091307006564
4,1340,-2.0,4.0311529060743805,27.152376750129
4,1350,-2.0,4.041073776277294,27.178950903457704
4,1360,-2.0,4.032677247876147,27.15704986116275
4,1370,-2.0,4.034226731437353,27.19839428896655
4,1380,-2.0,4.036069811029851,27.271437383369044
4,1390,-2.0,4.02593615854532,27.26414992550623
4,1400,-2.0,4.032423710641805,27.33065731642288
4,1410,-2.0,4.03165125094463,27.256933053510263
4,1420,-2.0,4.019506363812708,27.409696868377065
4,1430,-2.0,4.0234594439023175,27.327464519442582
4,1440,-2.0,4.025821155171412,27.485452684227432
4,1450,-2.0,4.013423560605551,27.463919322413464
4,1460,-2.0,4.016914839295331,27.47330760023571
4,1470,-2.0,4.017317691481423,27.525176077019545
4,1480,-2.0,4.017805678686868,27.59787525597169
4,1490,-2.0,4.013169470886454,27.561604880337246
4,1500,-2.0,4.013593360546389,27.707785210791382
4,1510,-2.0,4.011767604031698,27.62467731936064
4,1520,-2.0,4.014762136600904,27.809659386497824
4,1530,-2.0,4.001268401889156,27.75377079771819
4,1540,-2.0,4.001860095415729,27.68994332174685
4,1550,-2.0,4.004279222790019,27.809699567389426
4,1560,-2.0,3.999031319422168,27.865745426612627
4,1570,-2.0,3.998794745928027,27.789432775239987
4,1580,-2.0,3.995471347472738,27.90951251030033
4,1590,-2.0,4.000626483558642,28.01776151193245
4,1600,-2.0,3.993230967059001,28.042982359926746
4,1610,-2.0,3.986612764978658,28.070744829083797
4,1620,-2.0,3.9929410940177537,28.10745046543248
4,1630,-2.0,3.9908218508932163,28.11394856462957
4,1640,-2.0,3.9788781133268802,28.094146690089143
4,1650,-2.0,3.981104997268195,28.301487472471255
4,1660,-2.0,3.9851831297809355,28.190447305519935
4,1670,-2.0,3.977995179008465,28.309499090220555
4,1680,-2.0,3.9783970081074633,28.27500503123805
4,1690,-2.0,3.976683654434629,28.47117497626384
4,1700,-2.0,3.9786189849632385,28.38496255210474
4,1710,-2.0,3.9761038835783657,28.35030073861918
4,1720,-2.0,3.9706369117342266,28.422604905154234
4,1730,-2.0,3.967582562735569,28.5355891514777
4,1740,-2.0,3.9682741412654376,28.618856424124278
4,1750,-2.0,3.96290696459985,28.623973350636458
4,1760,-2.0,3.9566945969148195,28.70724973921223
4,1770,-2.0,3.95529233345,28.71098671989467
4,1780,-2.0,3.9543703024555867,28.684631861263952
4,1790,-2.0,3.9426870707198964,28.726213564969484
4,1800,-2.0,3.945759302226753,28.826215220546466
4,1810,-2.0,3.94579252081498,28.801223518004342
4,1820,-2.0,3.9401964007223618,28.81432279626609
4,1830,-2.0,3.9476800544714434,28.934470424262148
4,1840,-2.0,3.9455800942166146,28.96564160695683
4,1850,-2.0,3.941667406718777,28.99822071701774
4,1860,-2.0,3.938166462864186,29.035375392340164
4,1870,-2.0,3.930335528495146,29.073600609982083
4,1880,-2.0,3.9307405587264035,29.146284834964177
4,1890,-2.0,3.926806745988928,29.21643207659315
4,1900,-2.0,3.9275780108962706,29.250661797335777
4,1910,-2.0,3.9226329464054963,29.196375458016195
4,1920,-2.0,3.9260112465244115,29.29422598018681
4,1930,-2.0,3.920599964281786,29.311885776636966
4,1940,-2.0,3.915010120380748,29.308186981326227
4,1950,-2.0,3.920611484672354,29.38796484370388
4,1960,-2.0,3.908395121796518,29.4316808204597
4,1970,-2.0,3.9059632958748374,29.54268387993854
4,1980,-2.0,3.903853808904158,29.618001557073363
4,1990,-2.0,3.9072203399861776,29.587819601730157
4,2000,-2.0,3.8982658722989623,29.66841046534906
4,2010,-2.0,3.8961886541617035,29.65048343690309
4,2020,-2.0,3.8954033909422896,29.713661836310273
4,2030,-2.0,3.897861294311455,29.847316720131875
4,2040,-2.0,3.893853031851806,29.813842714076284
4,2050,-2.0,3.8918876387307986,29.796428315806438
4,2060,-2.0,3.8875860649040077,29.860062484658474
4,2070,-2.0,3.8886922200675405,29.994741828845708
4,2080,-2.0,3.8772552087507504,30.026597756868377
4,2090,-2.0,3.879120662647088,30.06670805014783
4,2100,-2.0,3.8743026074415368,30.09148564621035
4,2110,-2.0,3.8756808683714996,30.14181526957612
4,2120,-2.0,3.866243316615946,30.198247395273984
4,2130,-2.0,3.8654882160484485,30.164548753504498
4,2140,-2.0,3.866032628797237,30.192107131723812
4,2150,-2.0,3.8581546149718555,30.253354290270373
4,2160,-2.0,3.861097315786508,30.296540293547572
4,2170,-2.0,3.852727082421826,30.31930909454956
4,2180,-2.0,3.8496671794357575,30.48240312934996
4,2190,-2.0,3.8476298716191035,30.46229072253077
4,2200,-2.0,3.840899563006389,30.436316563325047
4,2210,-2.0,3.8407683247131588,30.517420372546876
4,2220,-2.0,3.8311938333907016,30.618226134910223
4,2230,-2.0,3.8329294371682505,30.66359494846062
4,2240,-2.0,3.8312059176689415,30.62738342499518
4,2250,-2.0,3.8280504563059883,30.641827693766757
4,2260,-2.0,3.8260170502052153,30.75369918543244
4,2270,-2.0,3.8191542915276075,30.88156515495742
4,2280,-2.0,3.8167422234162065,30.897371028629497
4,2290,-2.0,3.8165660887097363,30.890614217846583
4,2300,-2.0,3.812865881274727,31.010566054753667
4,2310,-2.0,3.8048086127547176,30.97006761305949
4,2320,-2.0,3.7986326315344114,31.04529010087442
4,2330,-2.0,3.8048518829893347,31.147299770773927
4,2340,-2.0,3.7896568076031887,31.180931282085986
4,2350,-2.0,3.7916296507604312,31.170294627307502
4,2360,-2.0,3.78266913889067,31.22699418882645
4,2370,-2.0,3.7841722219428067,31.197258514199476
4,2380,-2.0,3.783637905477491,31.334006084959128
4,2390,-2.0,3.7801716312570304,31.33557433979572
4,2400,-2.0,3.7754461973821214,31.432526953617014
4,2410,-2.0,3.7667762743291773,31.47784992779399
4,2420,-2.0,3.7644987067046274,31.432024025931863
4,2430,-2.0,3.759458768568424,31.49839816087808
4,2440,-2.0,3.7588523864847536,31.543892664832022
4,2450,-2.0,3.7573905714710993,31.575152427321772
4,2460,-2.0,3.740450863385428,31.638447798251093
4,2470,-2.0,3.7483747530170004,31.687611513403013
4,2480,-2.0,3.7440829184678788,31.75685461756376
4,2490,-2.0,3.734501380851866,31.81898053669872
4,2500,-2.0,3.7315173191502455,31.829539762744897
4,2510,-2.0,3.728227265059369,31.86820384667915
4,2520,-2.0,3.7355242427125877,31.955984790050994
4,2530,-2.0,3.723746767296422,32.035979783097766
4,2540,-2.0,3.7234476296329446,32.041673415529836
4,2550,-2.0,3.7134132598806238,32.05764281397566
4,2560,-2.0,3.7056957879508814,32.231007449270955
4,2570,-2.0,3.7104715181806154,32.26103072448983
4,2580,-2.0,3.6995776544632837,32.173110454306915
4,2590,-2.0,3.69629181747854,32.30971200135581
4,2600,-2.0,3.6940968914203935,32.33911352794519
4,2610,-2.0,3.6864248486836133,32.39071241248888
4,2620,-2.0,3.6830360233071757,32.490149624273954
4,2630,-2.0,3.674900939312269,32.50460696657271
4,2640,-2.0,3.668285533272685,32.485894335131285
4,2650,-2.0,3.6757442960889994,32.572601664569675
4,2660,-2.0,3.6675187101042197,32.660484184364265
4,2670,-2.0,3.6619801453218237,32.62842039360614
4,2680,-2.0,3.6514303522682425,32.76571126549727
4,2690,-2.0,3.657067298611029,32.819331772110516
4,2700,-2.0,3.6457012755457554,32.80954226530239
4,2710,-2.0,3.637655431457562,32.97011851352222
4,2720,-2.0,3.634184772438251,32.956240894495586
4,2730,-2.0,3.636720576990944,33.04333745874911
4,2740,-2.0,3.6229859057050793,33.012105774117146
4,2750,-2.0,3.6239295223256804,33.123519060326885
4,2760,-2.0,3.6163435973351468,33.1197073856401
4,2770,-2.0,3.6158816438588555,33.113099825351945
4,2780,-2.0,3.5971476797264335,33.21690101032569
4,2790,-2.0,3.607209990069833,33.25563825289143
4,2800,-2.0,3.592887953680216,33.2896861729694
4,2810,-2.0,3.5884207162189057,33.354131551092074
4,2820,-2.0,3.58091398376008,33.434404805397314
4,2830,-2.0,3.5821801062138685,33.50700307598217
4,2840,-2.0,3.566750078704866,33.51660204993655
4,2850,-2.0,3.5702912702550402,33.56876432448591
4,2860,-2.0,3.5617574480849448,33.587719895583845
4,2870,-2.0,3.556464897107428,33.61987142452719
4,2880,-2.0,3.54729208134574,33.67558684197541
4,2890,-2.0,3.538996749112676,33.73044940442796
4,2900,-2.0,3.5405997857424363,33.91299870523893
4,2910,-2.0,3.5330282286020656,33.84294145819982
4,2920,-2.0,3.5254639814612014,33.892026942953436
4,2930,-2.0,3.5156468413071,33.941311249274435
4,2940,-2.0,3.5142903010333537,34.09618473929073
4,2950,-2.0,3.5093463272280827,34.154249305755116
4,2960,-2.0,3.5057916540539638,34.159531063139426
4,2970,-2.0,3.486982718849072,34.21488340465821
4,2980,-2.0,3.4951891979943848,34.190276451046394
4,2990,-2.0,3.486048527960755,34.222981131893796
4,3000,-2.0,3.476009659218387,34.31576054253927
4,3010,-2.0,3.4804730643405595,34.37400440047747
4,3020,-2.0,3.4699218418257414,34.41260616319807
4,3030,-2.0,3.458780171788416,34.52894898756273
4,3040,-2.0,3.460125505045435,34.48642644944329
4,3050,-2.0,3.450685278136808,34.63974349753468
4,3060,-2.0,3.4412851395664745,34.62362426667875
4,3070,-2.0,3.431631484092018,34.73468966726851
4,3080,-2.0,3.423035054765116,34.76625970769445
4,3090,-2.0,3.4165646315653575,34.79910091386882
4,3100,-2.0,3.4148367563275612,34.78836404605653
4,3110,-2.0,3.4102214106396427,34.978274879048314
4,3120,-2.0,3.3973041657115695,34.9594741579395
4,3130,-2.0,3.3909688445387958,35.03072258868732
4,3140,-2.0,3.382495547615777,35.10073232408965
4,3150,-2.0,3.373607333057398,35.05694272772344
4,3160,-2.0,3.369328905916397,35.17904342030705
4,3170,-2.0,3.3714924455234296,35.22156633438955
4,3180,-2.0,3.3531022750238466,35.24768551967936
4,3190,-2.0,3.3517719885272714,35.32221056897025
4,3200,-2.0,3.3372419262001625,35.397426566110006
4,3210,-2.0,3.332711098974294,35.44022220299229
4,3220,-2.0,3.326972443520992,35.53641940231769
4,3230,-2.0,3.3118096911370642,35.63348903012429
4,3240,-2.0,3.308757851909254,35.6064573933853
4,3250,-2.0,3.3044360436233413,35.686546366937286
4,3260,-2.0,3.290953449452998,35.78624023385483
4,3270,-2.0,3.286386691814276,35.824689192463445
4,3280,-2.0,3.2733873311075223,35.832623871512546
4,3290,-2.0,3.2656114176901996,35.90630918157317
4,3300,-2.0,3.2551295381728935,35.89182723056205
4,3310,-2.0,3.260990951076346,36.0487005280645
5,0,-2.0,4.136678560530347,24.096732640787643
5,10,-2.0,4.142674008977396,23.918558860892478
5,20,-2.0,4.143836380401295,24.02588666009973
5,30,-2.0,4.135226737296546,24.013917156015868
5,40,-2.0,4.13645830635523,23.949187120594775
5,50,-2.0,4.140976745052996,24.020857259221927
5,60,-2.0,4.143413971660262,23.910840347256777
5,70,-2.0,4.1365204769869734,24.05376253328006
5,80,-2.0,4.143241651947708,24.097700951361137
5,90,-2.0,4.140308383343169,24.063631719754895
5,100,-2.0,4.138440773734969,24.05388949907609
5,110,-2.0,4.1368447462756786,24.074708330224855
5,120,-2.0,4.138306582437482,24.10887890089018
5,130,-2.0,4.133882437173486,24.128125227984142
5,140,-2.0,4.140576074539314,24.08512414558885
5,150,-2.0,4.137919123001497,24.0966582279493
5,160,-2.0,4.137204850533934,24.06999728008486
5,170,-2.0,4.133827303784946,24.079763498376877
5,180,-2.0,4.137497509871911,24.11720466134972
5,190,-2.0,4.13734678675322,24.116335163859482
5,200,-2.0,4.131137914781448,24.148496080492595
5,210,-2.0,4.1390873424613615,24.118467881059622
5,220,-2.0,4.132079313639459,24.22775551515488
5,230,-2.0,4.130023240567493,24.17953358796166
5,240,-2.0,4.1367335027896885,24.16609821516045
5,250,-2.0,4.132384834907688,24.255097282375495
5,260,-2.0,4.129103162739114,24.30912553283518
5,270,-2.0,4.136874064071806,24.302284051068625
5,280,-2.0,4.134953483111703,24.319230441800578
5,290,-2.0,4.133754115133232,24.24983288205821
5,300,-2.0,4.136536202964199,24.34626450382908
5,310,-2.0,4.131961499323161,24.378420230525105
5,320,-2.0,4.130508846853925,24.41815420820432
5,330,-2.0,4.134982696705307,24.519495298850142
5,340,-2.0,4.132552631650412,24.407253199401865
5,350,-2.0,4.1289140356731835,24.347563393942327
5,360,-2.0,4.132482835203955,24.46794347797548
5,370,-2.0,4.127803325192598,24.45307011070587
5,380,-2.0,4.132114596043855,24.48285337806038
5,390,-2.0,4.131983797925425,24.529752562351774
5,400,-2.0,4.127548978929666,24.576928318234522
5,410,-2.0,4.125022936747665,24.525936896375427
5,420,-2.0,4.129270870164176,24.5795609179997
5,430,-2.0,4.129812738838832,24.660924429996367
5,440,-2.0,4.121692699285492,24.631606027808058
5,450,-2.0,4.127336550094569,24.582000219535573
5,460,-2.0,4.12602415732375,24.566296955186456
5,470,-2.0,4.119910631393151,24.62974636680802
5,480,-2.0,4.124923343180306,24.68732209750292
5,490,-2.0,4.133299466634936,24.697863630111716
5,500,-2.0,4.124109431045819,24.833483694766535
5,510,-2.0,4.119912705272282,24.804902455517272
5,520,-2.0,4.129136310302299,24.73008123826145
5,530,-2.0,4.129571422974929,24.72808944249396
5,540,-2.0,4.124921196915249,24.820441726027173
5,550,-2.0,4.12472097489012,24.87102261223853
5,560,-2.0,4.117952997780009,24.89255543952991
5,570,-2.0,4.115175670714159,24.906884470525515
5,580,-2.0,4.118387302518367,24.993230867858465
5,590,-2.0,4.1093385454473,24.942605863418464
5,600,-2.0,4.1175777174034245,24.95205992835769
5,610,-2.0,4.109881653823823,24.92774864375083
5,620,-2.0,4.118631308990578,25.04272390104382
5,630,-2.0,4.120855809303249,25.058518567061075
5,640,-2.0,4.109143453286265,25.03352452637485
5,650,-2.0,4.109358771101977,25.151633439695203
5,660,-2.0,4.106588875863645,25.11491895703799
5,670,-2.0,4.114135019157668,25.096926403537747
5,680,-2.0,4.117601044336587,25.060183516056934
5,690,-2.0,4.11352844471234,25.239089555894484
5,700,-2.0,4.112685851327292,25.227985563525372
5,710,-2.0,4.108494227284905,25.19488226742419
5,720,-2.0,4.108073474823498,25.311251009621007
5,730,-2.0,4.107153148705594,25.288413394938605
5,740,-2.0,4.108758239454806,25.31138937956702
5,750,-2.0,4.110220297066722,25.345528757824635
5,760,-2.0,4.097995614283197,25.3824218195518
5,770,-2.0,4.095947134520144,25.419755586069353
5,780,-2.0,4.106167048171289,25.4350998648491
5,790,-2.0,4.100684432644748,25.434272029737386
5,800,-2.0,4.1037595102576505,25.37002196555867
5,810,-2.0,4.096816831272709,25.455535439649893
5,820,-2.0,4.097492160663087,25.554919236132484
5,830,-2.0,4.1063564196489235,25.59152645103836
5,840,-2.0,4.0961259214065295,25.503577968528084
5,850,-2.0,4.0932033931374034,25.60954276520225
5,860,-2.0,4.093798033873557,25.645453869209494
5,870,-2.0,4.086997506014179,25.721705166641993
5,880,-2.0,4.090489391705408,25.710826528712627
5,890,-2.0,4.089414800922981,25.796232605845862
5,900,-2.0,4.084839709315442,25.741593350602198
5,910,-2.0,4.090090838078438,25.872267420776254
5,920,-2.0,4.0897345421968385,25.7785365925708
5,930,-2.0,4.083398120970793,25.882514190604244
5,940,-2.0,4.080871259334871,25.78535927110795
5,950,-2.0,4.0847929158443295,25.795778720649864
5,960,-2.0,4.080923236422959,25.89255655726812
5,970,-2.0,4.087753232146608,25.948405733803973
5,980,-2.0,4.081622266382931,26.00106469648631
5,990,-2.0,4.083658382249618,26.04526340869004
5,1000,-2.0,4.0802287351643365,26.10172988946583
5,1010,-2.0,4.082225681737206,26.020592900920274
5,1020,-2.0,4.074868141696324,26.09530292961002
5,1030,-2.0,4.079642992671639,26.15879998348498
5,1040,-2.0,4.076206276656587,26.18704673734518
5,1050,-2.0,4.079217594607357,26.240946919448582
5,1060,-2.0,4.079692306142387,26.241995655305928
5,1070,-2.0,4.061697302821292,26.267856797236114
5,1080,-2.0,4.073025103065998,26.30019933967622
5,1090,-2.0,4.069727264091427,26.353368751350747
5,1100,-2.0,4.0616771660094715,26.318895057091012
5,1110,-2.0,4.069680428760774,26.45604022230736
5,1120,-2.0,4.0644220615739055,26.517092259756488
5,1130,-2.0,4.067732245033637,26.49839571484965
5,1140,-2.0,4.063289408429379,26.512808733723844
5,1150,-2.0,4.059419289243934,26.536470547363223
5,1160,-2.0,4.063416054121338,26.52412738981099
5,1170,-2.0,4.056262480134197,26.59146920463455
5,1180,-2.0,4.059270869087546,26.5897710701021
5,1190,-2.0,4.05202350958974,26.700522938516997
5,1200,-2.0,4.054643472117889,26.633959819197067
5,1210,-2.0,4.054244998531987,26.698596338846112
5,1220,-2.0,4.054008870090163,26.73470715213244
5,1230,-2.0,4.051801269084058,26.823635623511034
5,1240,-2.0,4.056263372496135,26.813776747247594
5,1250,-2.0,4.05283973875196,26.922717398126007
5,1260,-2.0,4.040090905294198,27.012669042909504
5,1270,-2.0,4.0375509391247055,26.866242118457702
5,1280,-2.0,4.051111994872291,27.03862324955873
5,1290,-2.0,4.047697281427911,26.977359577172656
5,1300,-2.0,4.043778967428432,27.052475150367865
5,1310,-2.0,4.038712851955359,27.120900851135232
5,1320,-2.0,4.038857641392041,27.08435512141924
5,1330,-2.0,4.0368814182501005,27.118802658693802
5,1340,-2.0,4.036204453621397,27.262222259477888
5,1350,-2.0,4.0390046528312045,27.140650642861832
5,1360,-2.0,4.024608550519303,27.201274493375063
5,1370,-2.0,4.03077885088911,27.331176825409493
5,1380,-2.0,4.034387688617932,27.283729181903595
5,1390,-2.0,4.026568391272485,27.38948247555742
5,1400,-2.0,4.02585647152528,27.375050162038686
5,1410,-2.0,4.029874349411148,27.435130568267958
5,1420,-2.0,4.026149141151621,27.394881845825477
5,1430,-2.0,4.016894332200328,27.57718224333393
5,1440,-2.0,4.012651115954353,27.513765957738485
5,1450,-2.0,4.0145214686327275,27.556738469378278
5,1460,-2.0,4.008273578205652,27.65854211036451
5,1470,-2.0,4.017190222124757,27.67483264350303
5,1480,-2.0,4.0148953595019545,27.746833978122375
5,1490,-2.0,4.00626292608908,27.676892243618077
5,1500,-2.0,4.002685855782115,27.79671969602768
5,1510,-2.0,4.003331299557311,27.863975057188778
5,1520,-2.0,3.9948263501421075,27.78366653148141
5,1530,-2.0,4.0041295839683055,27.880966887065362
5,1540,-2.0,3.996402717775102,27.811103787144454
5,1550,-2.0,3.997018506927053,28.033796438242263
5,1560,-2.0,3.9887296370881025,28.064358369419832
5,1570,-2.0,3.9953267709732203,28.123305876476692
5,1580,-2.0,3.9863517811514906,27.977810849377203
5,1590,-2.0,3.986947012544027,28.18673391920884
5,1600,-2.0,3.986125688620437,28.253079012699143
5,1610,-2.0,3.985348984529485,28.28412794834574
5,1620,-2.0,3.9804404987383686,28.107887964321826
5,1630,-2.0,3.982384728690404,28.291025330556582
5,1640,-2.0,3.9785164439740504,28.24077474585989
5,1650,-2.0,3.9765499007856295,28.444891575418037
5,1660,-2.0,3.9722154669716865,28.447814406921143
5,1670,-2.0,3.9699952235754683,28.352047793229417
5,1680,-2.0,3.964425001709499,28.49081374834207
5,1690,-2.0,3.964260440059822,28.49276595408413
5,1700,-2.0,3.967756034568546,28.554640139971145
5,1710,-2.0,3.961508347491938,28.565813751580805
5,1720,-2.0,3.9660937553152658,28.670742109849133
5,1730,-2.0,3.9569674223067097,28.64235354695311
5,1740,-2.0,3.954830897629928,28.75118661902815
5,1750,-2.0,3.9525437025223895,28.85575194996266
5,1760,-2.0,3.9470861411533695,28.812357734059315
5,1770,-2.0,3.95289046702875,28.873085239513262
5,1780,-2.0,3.9522946057644224,28.916759843824977
5,1790,-2.0,3.9411498539123975,28.948592960383223
5,1800,-2.0,3.9420727679976153,28.96335423788958
5,1810,-2.0,3.940197522577383,29.01849689518801
5,1820,-2.0,3.938134654534877,29.10811174102753
5,1830,-2.0,3.9286839905326403,29.047196230754977
5,1840,-2.0,3.9336242886448693,29.185808573737845
5,1850,-2.0,3.934780265474147,29.2835666595716
5,1860,-2.0,3.9240910374428655,29.169691808033587
5,1870,-2.0,3.932619426591806,29.296881472267888
5,1880,-2.0,3.9217742202126,29.242593490247554
5,1890,-2.0,3.9161453877944243,29.381287080712166
5,1900,-2.0,3.925296917898804,29.390411919694387
5,1910,-2.0,3.917348887710209,29.347918649025544
5,1920,-2.0,3.913930522332847,29.48770637107701
5,1930,-2.0,3.9097515674403374,29.539238880012196
5,1940,-2.0,3.9059943522054055,29.579794714908154
5,1950,-2.0,3.896791558591337,29.58913624326592
5,1960,-2.0,3.9065737362320063,29.617291642630953
5,1970,-2.0,3.8909542372956745,29.629364330824302
5,1980,-2.0,3.895237320173347,29.749180703609426
5,1990,-2.0,3.8918494537628328,29.78996071954931
5,2000,-2.0,3.8927331944729464,29.798451523275155
5,2010,-2.0,3.881576274991951,29.84279359063746
5,2020,-2.0,3.879253066540098,29.968668695694408
5,2030,-2.0,3.8757370609187323,29.98537652603325
5,2040,-2.0,3.8761500667544726,30.031188390342113
5,2050,-2.0,3.871971196172411,30.05881871088883
5,2060,-2.0,3.880832476391617,30.065007891744685
5,2070,-2.0,3.8729081550059603,30.028112275742888
5,2080,-2.0,3.8641250616668468,30.16415677973255
5,2090,-2.0,3.86437076262574,30.122003183001276
5,2100,-2.0,3.8628919938638355,30.337294764351025
5,2110,-2.0,3.8598385651395657,30.383665776247653
5,2120,-2.0,3.843372820873299,30.340715973118083
5,2130,-2.0,3.8471305556151867,30.438507118263477
5,2140,-2.0,3.8499469979851164,30.408579182832497
5,2150,-2.0,3.842714715316559,30.400071668238375
5,2160,-2.0,3.8427383769364556,30.474051493176482
5,2170,-2.0,3.8334426651631195,30.580309613849902
5,2180,-2.0,3.832392450233899,30.633199806977263
5,2190,-2.0,3.827021090327377,30.63597446384234
5,2200,-2.0,3.8259822437384496,30.661292907125077
5,2210,-2.0,3.8241332701657362,30.740985378397863
5,2220,-2.0,3.8169937920525268,30.866479608632893
5,2230,-2.0,3.8162937157900085,30.82060297750982
5,2240,-2.0,3.8127951054257574,30.918876947469755
5,2250,-2.0,3.813167549142607,30.89751925271297
5,2260,-2.0,3.81260953019866,31.00164547383617
5,2270,-2.0,3.8040804829857673,30.985491085665377
5,2280,-2.0,3.8020529530967875,31.142291700575992
5,2290,-2.0,3.7962005972135864,31.11306131087066
5,2300,-2.0,3.7863303046689736,31.16242279624038
5,2310,-2.0,3.7845421864586815,31.172479253610998
5,2320,-2.0,3.783044560082407,31.23444331861625
5,2330,-2.0,3.7808399808005637,31.37467742017914
5,2340,-2.0,3.781523415029541,31.35758514776826
5,2350,-2.0,3.767365160757108,31.44565109645976
5,2360,-2.0,3.769253423252364,31.539761919559993
5,2370,-2.0,3.7635831325290563,31.559721338280085
5,2380,-2.0,3.7615390703318283,31.52589355253946
5,2390,-2.0,3.760405131098109,31.615994518027247
5,2400,-2.0,3.749085907407605,31.65655838306048
5,2410,-2.0,3.7495076151164954,31.672208806829612
5,2420,-2.0,3.7405562137682553,31.715917663408895
5,2430,-2.0,3.7362574992898647,31.754464266198248
5,2440,-2.0,3.7385517800992702,31.77391388173905
5,2450,-2.0,3.731969974450567,31.94762102859486
5,2460,-2.0,3.7310991392738146,31.83304990216681
5,2470,-2.0,3.7217851527227026,31.995943608772464
5,2480,-2.0,3.7206238418477544,32.04268821442687
5,2490,-2.0,3.7197144841865883,32.04981914863584
5,2500,-2.0,3.7124141641359514,32.15938553344042
5,2510,-2.0,3.6953844375452696,32.19226044942821
5,2520,-2.0,3.704553617403647,32.19052832000988
5,2530,-2.0,3.7015997911211396,32.26465565589947
5,2540,-2.0,3.693140890050985,32.33824893625701
5,2550,-2.0,3.6855813812554903,32.38946406494456
5,2560,-2.0,3.6854438683223614,32.43539698991905
5,2570,-2.0,3.680601697770633,32.483829976781244
5,2580,-2.0,3.672770015314051,32.50797066935348
5,2590,-2.0,3.6690775336449333,32.59710126395618
5,2600,-2.0,3.660531584774686,32.70750914677076
5,2610,-2.0,3.652282624574996,32.66853266211201
5,2620,-2.0,3.6562359405953306,32.694134611093475
5,2630,-2.0,3.651276235498733,32.78786872275702
5,2640,-2.0,3.6478650493777924,32.856934870690125
5,2650,-2.0,3.643252956227122,32.93058488058289
5,2660,-2.0,3.6380740933319404,32.893233220168966
5,2670,-2.0,3.629865292443652,33.01923940452917
5,2680,-2.0,3.626423641560995,33.014190873431524
5,2690,-2.0,3.6256302052465146,33.075329641373415
5,2700,-2.0,3.6171024532973255,33.11566559110619
5,2710,-2.0,3.609871767273001,33.20372367702047
5,2720,-2.0,3.595930673346373,33.26039244052835
5,2730,-2.0,3.5936608862997605,33.24019980346192
5,2740,-2.0,3.5953267177690535,33.305191535070904
5,2750,-2.0,3.5876327626640596,33.3702484437187
5,2760,-2.0,3.5906909259572237,33.39943211263718
5,2770,-2.0,3.584599282312573,33.48770751264116
5,2780,-2.0,3.577990102134455,33.47640079453286
5,2790,-2.0,3.5663998637040635,33.50993956341103
5,2800,-2.0,3.556701761335884,33.66807346993149
5,2810,-2.0,3.554226340329768,33.62939062271276
5,2820,-2.0,3.5500389059439588,33.635416552830414
5,2830,-2.0,3.5478173551187715,33.75624439324118
5,2840,-2.0,3.5369542288509916,33.93089348478477
5,2850,-2.0,3.532342730117684,33.886783280125144
5,2860,-2.0,3.5313044536986093,33.88403202266957
5,2870,-2.0,3.5198529730770898,34.04448511873214
5,2880,-2.0,3.5099868587515743,33.96252324594012
5,2890,-2.0,3.5093213211727114,33.983116842444126
5,2900,-2.0,3.499667537126315,34.150686280851346
5,2910,-2.0,3.4994880655301803,34.18286485169896
5,2920,-2.0,3.4983814266670312,34.31197444954593
5,2930,-2.0,3.480182306399291,34.391344594630056
5,2940,-2.0,3.4733160916637966,34.398759925782606
5,2950,-2.0,3.466756080567444,34.33056220352973
5,2960,-2.0,3.466548272641777,34.3956496975317
5,2970,-2.0,3.4425421253282362,34.57465204709441
5,2980,-2.0,3.45088827773031,34.66601772748637
5,2990,-2.0,3.443375449045827,34.70094491151064
5,3000,-2.0,3.427600603139375,34.74032455373801
5,3010,-2.0,3.426475279771603,34.776852425097914
5,3020,-2.0,3.422954616638292,34.70689686749615
5,3030,-2.0,3.416536515513078,34.84546157481897
5,3040,-2.0,3.4032653514701074,34.873238024667074
5,3050,-2.0,3.396005517427519,34.91318924326627
5,3060,-2.0,3.38623622483305,35.013281652227
5,3070,-2.0,3.3836796575762027,35.0482989970486
5,3080,-2.0,3.3718969960938017,35.12508462358314
5,3090,-2.0,3.3714581415559537,35.13213803642076
5,3100,-2.0,3.363404539407082,35.21102963243752
5,3110,-2.0,3.350850280033043,35.27953443899936
5,3120,-2.0,3.3487667275965967,35.38693095812344
5,3130,-2.0,3.3417793673936775,35.32173149968015
5,3140,-2.0,3.336691372353321,35.376723253209036
5,3150,-2.0,3.3274255925847327,35.443522423479955
5,3160,-2.0,3.311840780943952,35.67694681879167
5,3170,-2.0,3.311824752351123,35.648398784467766
5,3180,-2.0,3.3048311032745565,35.61884254415488
5,3190,-2.0,3.2958008611799094,35.74624042493313
5,3200,-2.0,3.280085307955928,35.7592222867299
5,3210,-2.0,3.2777793919101,35.882803923265854
5,3220,-2.0,3.2677481655422476,35.86886282400997
5,3230,-2.0,3.2555956674390525,35.8469610596558
